Unit price,Quantity,Tax 5%,Total,cogs,gross margin percentage,gross income,Rating,A,B,C,Mandalay,Naypyitaw,Yangon,Member,Normal,Female,Male,Electronic accessories,Fashion accessories,Food and beverages,Health and beauty,Home and lifestyle,Sports and travel,Cash,Credit card,Ewallet,Day of week,Class,prediction
88.45,1,4.4225,92.8725,88.45,4.761904762,4.4225,9.5,0,1,0,1,0,0,0,1,0,1,0,0,0,0,0,1,0,1,0,0,1,1.001842578
29.22,6,8.766,184.086,175.32,4.761904762,8.766,5,0,0,1,0,1,0,1,0,1,0,0,0,0,0,0,1,0,0,1,1,0,-0.001271703
90.5,10,45.25,950.25,905,4.761904762,45.25,8.1,0,0,1,0,1,0,1,0,0,1,0,0,0,1,0,0,1,0,0,4,1,0.990139785
22.01,4,4.402,92.442,88.04,4.761904762,4.402,6.6,1,0,0,0,0,1,1,0,1,0,0,0,0,0,0,1,0,1,0,1,0,0.019024978
83.77,6,25.131,527.751,502.62,4.761904762,25.131,5.4,0,0,1,0,1,0,1,0,1,0,0,0,0,0,1,0,0,0,1,2,0,0.007610895
88.31,1,4.4155,92.7255,88.31,4.761904762,4.4155,5.2,0,1,0,1,0,0,1,0,0,1,0,0,0,0,0,1,0,1,0,4,0,-0.000369985
52.89,6,15.867,333.207,317.34,4.761904762,15.867,9.8,0,1,0,1,0,0,1,0,0,1,1,0,0,0,0,0,0,1,0,5,1,1.006821957
51.36,1,2.568,53.928,51.36,4.761904762,2.568,5.2,0,1,0,1,0,0,1,0,0,1,0,1,0,0,0,0,0,0,1,2,0,0.000185955
36.51,9,16.4295,345.0195,328.59,4.761904762,16.4295,4.2,0,1,0,1,0,0,0,1,1,0,0,1,0,0,0,0,1,0,0,5,0,-0.009332208
26.48,3,3.972,83.412,79.44,4.761904762,3.972,4.7,1,0,0,0,0,1,1,0,1,0,1,0,0,0,0,0,0,0,1,3,0,-0.003466725
45.38,4,9.076,190.596,181.52,4.761904762,9.076,8.7,0,0,1,0,1,0,0,1,1,0,0,0,0,0,1,0,0,1,0,1,1,0.998218901
94.59,7,33.1065,695.2365,662.13,4.761904762,33.1065,4.9,0,1,0,1,0,0,1,0,1,0,0,0,0,0,1,0,0,1,0,3,0,0.002477787
80.48,3,12.072,253.512,241.44,4.761904762,12.072,8.1,0,0,1,0,1,0,1,0,1,0,0,1,0,0,0,0,1,0,0,4,1,0.988841617
56.69,9,25.5105,535.7205,510.21,4.761904762,25.5105,8.4,0,1,0,1,0,0,1,0,0,1,0,0,0,1,0,0,0,1,0,2,1,0.99272288
27.28,5,6.82,143.22,136.4,4.761904762,6.82,8.6,1,0,0,0,0,1,0,1,1,0,0,0,1,0,0,0,0,1,0,6,1,0.995668237
22.95,10,11.475,240.975,229.5,4.761904762,11.475,8.2,0,1,0,1,0,0,0,1,0,1,1,0,0,0,0,0,0,0,1,2,1,0.986070767
44.22,5,11.055,232.155,221.1,4.761904762,11.055,8.6,0,0,1,0,1,0,1,0,1,0,0,1,0,0,0,0,0,1,0,1,1,0.99569877
80.93,1,4.0465,84.9765,80.93,4.761904762,4.0465,9,0,0,1,0,1,0,1,0,0,1,0,0,0,0,0,1,0,1,0,5,1,0.996219335
77.4,9,34.83,731.43,696.6,4.761904762,34.83,4.5,0,1,0,1,0,0,1,0,1,0,0,0,1,0,0,0,0,1,0,4,0,-0.003031093
51.69,7,18.0915,379.9215,361.83,4.761904762,18.0915,5.5,1,0,0,0,0,1,0,1,0,1,1,0,0,0,0,0,1,0,0,5,0,0.005141036
22.32,4,4.464,93.744,89.28,4.761904762,4.464,4.1,0,1,0,1,0,0,1,0,1,0,0,1,0,0,0,0,0,0,1,3,0,-0.011270798
23.03,9,10.3635,217.6335,207.27,4.761904762,10.3635,7.9,1,0,0,0,0,1,0,1,1,0,0,0,0,1,0,0,0,0,1,3,1,0.987107778
62.19,4,12.438,261.198,248.76,4.761904762,12.438,4.3,0,1,0,1,0,0,0,1,0,1,0,0,0,0,1,0,0,0,1,6,0,-0.009197481
72.17,1,3.6085,75.7785,72.17,4.761904762,3.6085,6.1,0,1,0,1,0,0,1,0,0,1,1,0,0,0,0,0,1,0,0,4,0,0.011121954
69.51,2,6.951,145.971,139.02,4.761904762,6.951,8.1,0,1,0,1,0,0,0,1,0,1,0,0,0,1,0,0,0,0,1,4,1,0.987101922
91.56,8,36.624,769.104,732.48,4.761904762,36.624,6,0,1,0,1,0,0,1,0,0,1,1,0,0,0,0,0,0,0,1,5,0,0.010721644
39.12,1,1.956,41.076,39.12,4.761904762,1.956,9.6,0,1,0,1,0,0,1,0,1,0,0,0,0,0,0,1,0,1,0,1,1,1.004594741
98.13,1,4.9065,103.0365,98.13,4.761904762,4.9065,8.9,0,1,0,1,0,0,1,0,1,0,0,0,0,0,0,1,1,0,0,0,1,0.99567048
99.69,1,4.9845,104.6745,99.69,4.761904762,4.9845,8,0,0,1,0,1,0,0,1,1,0,1,0,0,0,0,0,0,1,0,2,1,0.988305635
84.83,1,4.2415,89.0715,84.83,4.761904762,4.2415,8.8,0,0,1,0,1,0,0,1,0,1,0,0,1,0,0,0,0,0,1,0,1,0.995587272
14.62,5,3.655,76.755,73.1,4.761904762,3.655,4.4,1,0,0,0,0,1,0,1,0,1,0,0,0,1,0,0,1,0,0,0,0,-0.006255308
60.47,3,9.0705,190.4805,181.41,4.761904762,9.0705,5.6,0,0,1,0,1,0,1,0,0,1,0,0,0,1,0,0,0,1,0,0,0,0.009437956
84.07,4,16.814,353.094,336.28,4.761904762,16.814,4.4,0,0,1,0,1,0,0,1,0,1,1,0,0,0,0,0,0,0,1,3,0,-0.008049673
15.55,9,6.9975,146.9475,139.95,4.761904762,6.9975,5,1,0,0,0,0,1,1,0,1,0,0,0,0,1,0,0,1,0,0,3,0,0.002285615
42.08,6,12.624,265.104,252.48,4.761904762,12.624,8.9,0,0,1,0,1,0,0,1,0,1,0,1,0,0,0,0,1,0,0,1,1,0.996601769
31.75,4,6.35,133.35,127,4.761904762,6.35,8.6,0,1,0,1,0,0,0,1,0,1,0,0,0,0,1,0,1,0,0,4,1,0.992912263
72.88,9,32.796,688.716,655.92,4.761904762,32.796,4,0,0,1,0,1,0,1,0,1,0,0,0,1,0,0,0,1,0,0,1,0,-0.008802571
66.68,5,16.67,350.07,333.4,4.761904762,16.67,7.6,0,1,0,1,0,0,0,1,0,1,0,0,0,1,0,0,1,0,0,2,1,0.982211784
31.99,10,15.995,335.895,319.9,4.761904762,15.995,9.9,0,1,0,1,0,0,1,0,0,1,0,0,0,0,0,1,0,1,0,2,1,1.006255724
27.5,3,4.125,86.625,82.5,4.761904762,4.125,6.5,0,1,0,1,0,0,0,1,0,1,1,0,0,0,0,0,0,0,1,4,0,0.015272684
48.09,3,7.2135,151.4835,144.27,4.761904762,7.2135,7.8,0,1,0,1,0,0,1,0,0,1,1,0,0,0,0,0,0,1,0,6,1,0.982623903
69.37,9,31.2165,655.5465,624.33,4.761904762,31.2165,4,0,1,0,1,0,0,1,0,0,1,0,0,0,1,0,0,0,0,1,5,0,-0.011564501
60.74,7,21.259,446.439,425.18,4.761904762,21.259,5,0,0,1,0,1,0,0,1,0,1,0,1,0,0,0,0,0,0,1,4,0,-0.000765943
21.54,9,9.693,203.553,193.86,4.761904762,9.693,8.8,1,0,0,0,0,1,1,0,1,0,0,0,0,0,1,0,0,1,0,0,1,0.998924456
68.98,1,3.449,72.429,68.98,4.761904762,3.449,4.8,0,0,1,0,1,0,1,0,0,1,0,0,1,0,0,0,1,0,0,0,0,-0.002185351
37.02,6,11.106,233.226,222.12,4.761904762,11.106,4.5,0,1,0,1,0,0,0,1,0,1,0,0,0,0,0,1,1,0,0,4,0,-0.009531429
20.85,8,8.34,175.14,166.8,4.761904762,8.34,6.3,0,0,1,0,1,0,0,1,0,1,1,0,0,0,0,0,1,0,0,6,0,0.013974073
52.38,1,2.619,54.999,52.38,4.761904762,2.619,5.8,1,0,0,0,0,1,0,1,0,1,0,1,0,0,0,0,1,0,0,1,0,0.008875636
64.99,1,3.2495,68.2395,64.99,4.761904762,3.2495,4.5,0,0,1,0,1,0,0,1,1,0,0,1,0,0,0,0,0,1,0,5,0,-0.004092159
80.05,5,20.0125,420.2625,400.25,4.761904762,20.0125,9.4,0,1,0,1,0,0,1,0,0,1,0,0,1,0,0,0,0,1,0,5,1,1.00332652
72.11,9,32.4495,681.4395,648.99,4.761904762,32.4495,7.7,0,1,0,1,0,0,1,0,1,0,0,0,0,1,0,0,0,1,0,0,1,0.986894094
33.33,2,3.333,69.993,66.66,4.761904762,3.333,6.4,0,1,0,1,0,0,0,1,0,1,0,0,1,0,0,0,0,1,0,5,0,0.016364584
40.86,8,16.344,343.224,326.88,4.761904762,16.344,6.5,0,0,1,0,1,0,0,1,1,0,1,0,0,0,0,0,0,1,0,3,0,0.019896565
67.45,10,33.725,708.225,674.5,4.761904762,33.725,4.2,1,0,0,0,0,1,1,0,0,1,0,0,1,0,0,0,0,0,1,6,0,-0.00944437
27.04,4,5.408,113.568,108.16,4.761904762,5.408,6.9,1,0,0,0,0,1,1,0,1,0,0,0,0,0,0,1,0,0,1,1,0,0.02124926
68.54,8,27.416,575.736,548.32,4.761904762,27.416,8.5,0,0,1,0,1,0,1,0,1,0,0,0,1,0,0,0,0,0,1,1,1,0.994548615
19.36,9,8.712,182.952,174.24,4.761904762,8.712,8.7,1,0,0,0,0,1,1,0,0,1,0,0,0,0,1,0,0,0,1,4,1,0.993992424
35.38,9,15.921,334.341,318.42,4.761904762,15.921,9.6,0,1,0,1,0,0,1,0,1,0,0,0,0,0,1,0,0,1,0,5,1,1.007569662
39.21,4,7.842,164.682,156.84,4.761904762,7.842,9,0,1,0,1,0,0,0,1,0,1,0,1,0,0,0,0,0,1,0,2,1,0.99754425
30.24,1,1.512,31.752,30.24,4.761904762,1.512,8.4,0,0,1,0,1,0,0,1,1,0,1,0,0,0,0,0,1,0,0,0,1,0.992163599
65.23,10,32.615,684.915,652.3,4.761904762,32.615,5.2,0,1,0,1,0,0,1,0,0,1,0,1,0,0,0,0,0,1,0,1,0,0.002761422
35.81,5,8.9525,188.0025,179.05,4.761904762,8.9525,7.9,0,0,1,0,1,0,1,0,0,1,0,0,0,0,1,0,0,0,1,2,1,0.985103247
54.92,8,21.968,461.328,439.36,4.761904762,21.968,7.6,0,0,1,0,1,0,0,1,1,0,0,0,0,1,0,0,0,0,1,5,1,0.984249407
54.84,3,8.226,172.746,164.52,4.761904762,8.226,5.9,0,1,0,1,0,0,1,0,1,0,0,0,1,0,0,0,0,1,0,2,0,0.01271501
74.58,7,26.103,548.163,522.06,4.761904762,26.103,9,1,0,0,0,0,1,0,1,0,1,1,0,0,0,0,0,0,1,0,0,1,0.999196548
37.69,2,3.769,79.149,75.38,4.761904762,3.769,9.5,1,0,0,0,0,1,1,0,0,1,0,0,0,0,1,0,0,0,1,2,1,1.004024981
33.52,1,1.676,35.196,33.52,4.761904762,1.676,6.7,0,1,0,1,0,0,0,1,0,1,0,1,0,0,0,0,1,0,0,4,0,0.018447706
95.64,4,19.128,401.688,382.56,4.761904762,19.128,7.9,0,1,0,1,0,0,0,1,1,0,1,0,0,0,0,0,1,0,0,5,1,0.985676798
76.99,6,23.097,485.037,461.94,4.761904762,23.097,6.1,0,1,0,1,0,0,0,1,1,0,0,0,0,1,0,0,1,0,0,2,0,0.016026158
88.39,9,39.7755,835.2855,795.51,4.761904762,39.7755,6.3,0,1,0,1,0,0,1,0,1,0,0,0,0,0,1,0,1,0,0,5,0,0.018345213
88.63,3,13.2945,279.1845,265.89,4.761904762,13.2945,6,1,0,0,0,0,1,1,0,0,1,0,0,0,0,0,1,0,0,1,5,0,0.008845464
44.12,3,6.618,138.978,132.36,4.761904762,6.618,7.9,0,1,0,1,0,0,0,1,0,1,0,0,0,0,1,0,0,1,0,0,1,0.98591371
73.52,2,7.352,154.392,147.04,4.761904762,7.352,4.6,0,1,0,1,0,0,0,1,1,0,0,1,0,0,0,0,0,0,1,1,0,-0.004681607
17.77,5,4.4425,93.2925,88.85,4.761904762,4.4425,5.4,0,1,0,1,0,0,1,0,0,1,0,0,0,0,1,0,0,1,0,4,0,0.00483641
34.81,1,1.7405,36.5505,34.81,4.761904762,1.7405,7,0,1,0,1,0,0,0,1,1,0,0,0,0,0,0,1,0,1,0,0,0,0.023253802
15.37,2,1.537,32.277,30.74,4.761904762,1.537,7.2,0,0,1,0,1,0,1,0,0,1,0,0,0,1,0,0,1,0,0,5,1,0.977308439
18.22,7,6.377,133.917,127.54,4.761904762,6.377,6.6,0,1,0,1,0,0,0,1,0,1,0,0,1,0,0,0,0,1,0,6,0,0.018400548
24.89,9,11.2005,235.2105,224.01,4.761904762,11.2005,7.4,1,0,0,0,0,1,0,1,0,1,0,0,0,1,0,0,1,0,0,4,1,0.979759932
82.63,10,41.315,867.615,826.3,4.761904762,41.315,7.9,0,0,1,0,1,0,1,0,1,0,0,1,0,0,0,0,0,0,1,1,1,0.987382457
87.87,9,39.5415,830.3715,790.83,4.761904762,39.5415,5.6,0,1,0,1,0,0,1,0,0,1,1,0,0,0,0,0,0,0,1,3,0,0.006231438
30.61,1,1.5305,32.1405,30.61,4.761904762,1.5305,5.2,1,0,0,0,0,1,0,1,0,1,0,1,0,0,0,0,0,0,1,2,0,0.00101548
14.23,5,3.5575,74.7075,71.15,4.761904762,3.5575,4.4,1,0,0,0,0,1,1,0,1,0,0,0,1,0,0,0,0,1,0,4,0,-0.005002442
23.75,4,4.75,99.75,95,4.761904762,4.75,5.2,1,0,0,0,0,1,0,1,0,1,0,0,0,0,1,0,1,0,0,5,0,0.002499016
38.81,4,7.762,163.002,155.24,4.761904762,7.762,4.9,0,1,0,1,0,0,1,0,0,1,0,0,0,0,1,0,0,0,1,1,0,-0.001961678
37.15,4,7.43,156.03,148.6,4.761904762,7.43,8.3,1,0,0,0,0,1,0,1,0,1,0,1,0,0,0,0,0,0,1,5,1,0.988300405
83.14,7,29.099,611.079,581.98,4.761904762,29.099,6.6,0,0,1,0,1,0,0,1,1,0,0,0,0,0,0,1,0,1,0,3,0,0.020286891
15.43,1,0.7715,16.2015,15.43,4.761904762,0.7715,6.1,0,0,1,0,1,0,1,0,0,1,0,1,0,0,0,0,0,1,0,4,0,0.012927049
69.4,2,6.94,145.74,138.8,4.761904762,6.94,9,0,0,1,0,1,0,0,1,0,1,0,0,0,0,1,0,0,0,1,6,1,0.998070445
73.28,5,18.32,384.72,366.4,4.761904762,18.32,8.4,0,1,0,1,0,0,0,1,0,1,0,0,0,0,1,0,0,0,1,3,1,0.990734337
58.91,7,20.6185,432.9885,412.37,4.761904762,20.6185,9.7,1,0,0,0,0,1,0,1,0,1,0,0,0,0,0,1,0,0,1,3,1,1.003818733
75.88,1,3.794,79.674,75.88,4.761904762,3.794,7.1,0,0,1,0,1,0,1,0,0,1,0,0,0,1,0,0,0,1,0,3,1,0.977406318
78.31,3,11.7465,246.6765,234.93,4.761904762,11.7465,5.4,1,0,0,0,0,1,0,1,0,1,1,0,0,0,0,0,0,0,1,1,0,0.003736086
39.42,1,1.971,41.391,39.42,4.761904762,1.971,8.4,0,0,1,0,1,0,0,1,1,0,0,0,0,1,0,0,1,0,0,4,1,0.993798506
16.45,4,3.29,69.09,65.8,4.761904762,3.29,5.6,0,0,1,0,1,0,0,1,1,0,0,1,0,0,0,0,0,0,1,3,0,0.007517059
24.77,5,6.1925,130.0425,123.85,4.761904762,6.1925,8.5,0,1,0,1,0,0,0,1,1,0,0,0,0,0,0,1,1,0,0,6,1,0.990147155
25.91,6,7.773,163.233,155.46,4.761904762,7.773,8.7,1,0,0,0,0,1,1,0,0,1,0,0,0,0,1,0,0,0,1,1,1,0.994477
24.24,7,8.484,178.164,169.68,4.761904762,8.484,9.4,0,0,1,0,1,0,1,0,1,0,0,0,0,0,1,0,0,0,1,6,1,1.004297884
95.49,7,33.4215,701.8515,668.43,4.761904762,33.4215,8.7,0,0,1,0,1,0,0,1,0,1,0,0,0,0,0,1,0,0,1,4,1,0.992697661
92.09,3,13.8135,290.0835,276.27,4.761904762,13.8135,4.2,1,0,0,0,0,1,1,0,1,0,0,0,0,1,0,0,1,0,0,6,0,-0.006560833
89.6,8,35.84,752.64,716.8,4.761904762,35.84,6.6,1,0,0,0,0,1,0,1,0,1,0,0,0,1,0,0,0,0,1,3,0,0.020878936
89.8,10,44.9,942.9,898,4.761904762,44.9,5.4,0,0,1,0,1,0,1,0,1,0,0,0,0,0,0,1,0,1,0,2,0,0.006711621
23.82,5,5.955,125.055,119.1,4.761904762,5.955,5.4,0,0,1,0,1,0,0,1,1,0,0,1,0,0,0,0,0,0,1,0,0,0.005488689
15.81,10,7.905,166.005,158.1,4.761904762,7.905,8.6,1,0,0,0,0,1,1,0,0,1,0,0,0,0,0,1,0,1,0,2,1,0.991074776
73.88,6,22.164,465.444,443.28,4.761904762,22.164,4.4,1,0,0,0,0,1,0,1,0,1,0,0,1,0,0,0,0,0,1,5,0,-0.0072483
19.7,1,0.985,20.685,19.7,4.761904762,0.985,9.5,1,0,0,0,0,1,1,0,0,1,0,1,0,0,0,0,0,0,1,4,1,1.002473109
46.47,4,9.294,195.174,185.88,4.761904762,9.294,7,0,1,0,1,0,0,1,0,0,1,0,0,0,0,1,0,1,0,0,4,0,0.023429621
94.13,5,23.5325,494.1825,470.65,4.761904762,23.5325,4.8,0,1,0,1,0,0,0,1,0,1,0,1,0,0,0,0,0,1,0,0,0,-0.001947216
23.48,2,2.348,49.308,46.96,4.761904762,2.348,7.9,1,0,0,0,0,1,1,0,0,1,0,0,1,0,0,0,0,1,0,3,1,0.98561198
10.18,8,4.072,85.512,81.44,4.761904762,4.072,9.5,0,0,1,0,1,0,1,0,1,0,0,1,0,0,0,0,0,1,0,5,1,1.005351877
50.93,8,20.372,427.812,407.44,4.761904762,20.372,9.2,1,0,0,0,0,1,0,1,0,1,0,0,0,0,1,0,0,0,1,4,1,1.000848906
36.85,5,9.2125,193.4625,184.25,4.761904762,9.2125,9.2,0,0,1,0,1,0,0,1,1,0,0,1,0,0,0,0,1,0,0,5,1,1.001579654
39.62,9,17.829,374.409,356.58,4.761904762,17.829,6.8,1,0,0,0,0,1,1,0,1,0,0,0,0,1,0,0,0,1,0,6,0,0.025000843
68.55,4,13.71,287.91,274.2,4.761904762,13.71,9.2,0,0,1,0,1,0,1,0,0,1,0,0,0,1,0,0,0,1,0,4,1,1.002687649
57.29,6,17.187,360.927,343.74,4.761904762,17.187,5.9,0,0,1,0,1,0,0,1,1,0,0,0,1,0,0,0,0,0,1,3,0,0.012485812
99.82,2,9.982,209.622,199.64,4.761904762,9.982,6.7,0,0,1,0,1,0,0,1,0,1,0,1,0,0,0,0,0,1,0,2,0,0.020840198
50.45,6,15.135,317.835,302.7,4.761904762,15.135,8.9,0,1,0,1,0,0,1,0,0,1,1,0,0,0,0,0,0,1,0,2,1,0.996328044
57.34,3,8.601,180.621,172.02,4.761904762,8.601,7.9,0,1,0,1,0,0,0,1,1,0,0,0,1,0,0,0,0,1,0,6,1,0.986803457
33.63,1,1.6815,35.3115,33.63,4.761904762,1.6815,5.6,0,1,0,1,0,0,1,0,0,1,0,1,0,0,0,0,1,0,0,2,0,0.005441704
87.16,2,8.716,183.036,174.32,4.761904762,8.716,9.7,0,0,1,0,1,0,1,0,1,0,0,0,0,0,0,1,0,1,0,4,1,1.00675149
97.74,4,19.548,410.508,390.96,4.761904762,19.548,6.4,0,1,0,1,0,0,0,1,0,1,0,0,0,0,0,1,0,0,1,1,0,0.013549917
20.89,2,2.089,43.869,41.78,4.761904762,2.089,9.8,1,0,0,0,0,1,1,0,0,1,1,0,0,0,0,0,1,0,0,1,1,1.006633151
44.86,10,22.43,471.03,448.6,4.761904762,22.43,8.2,0,0,1,0,1,0,0,1,1,0,0,0,0,0,0,1,0,0,1,5,1,0.987589251
12.09,1,0.6045,12.6945,12.09,4.761904762,0.6045,8.2,1,0,0,0,0,1,0,1,1,0,0,1,0,0,0,0,0,1,0,5,1,0.990256544
47.68,2,4.768,100.128,95.36,4.761904762,4.768,4.1,1,0,0,0,0,1,1,0,1,0,0,0,0,0,1,0,0,1,0,6,0,-0.007839711
68.93,7,24.1255,506.6355,482.51,4.761904762,24.1255,4.6,1,0,0,0,0,1,1,0,1,0,0,0,0,1,0,0,0,1,0,0,0,-9.10E-05
76.82,1,3.841,80.661,76.82,4.761904762,3.841,7.2,1,0,0,0,0,1,1,0,0,1,1,0,0,0,0,0,0,0,1,2,1,0.975216075
45.68,10,22.84,479.64,456.8,4.761904762,22.84,5.7,1,0,0,0,0,1,0,1,1,0,0,0,0,0,1,0,0,0,1,5,0,0.010401321
93.14,2,9.314,195.594,186.28,4.761904762,9.314,4.1,1,0,0,0,0,1,0,1,1,0,0,0,0,0,0,1,0,0,1,6,0,-0.012067883
90.7,6,27.21,571.41,544.2,4.761904762,27.21,5.3,0,1,0,1,0,0,1,0,1,0,1,0,0,0,0,0,1,0,0,1,0,0.004785219
75.82,1,3.791,79.611,75.82,4.761904762,3.791,5.8,0,1,0,1,0,0,1,0,0,1,0,0,0,0,0,1,1,0,0,3,0,0.005964636
62.12,10,31.06,652.26,621.2,4.761904762,31.06,5.9,0,0,1,0,1,0,0,1,0,1,0,1,0,0,0,0,1,0,0,0,0,0.011217886
89.06,6,26.718,561.078,534.36,4.761904762,26.718,9.9,1,0,0,0,0,1,1,0,0,1,0,0,0,0,0,1,1,0,0,4,1,1.007044995
96.68,3,14.502,304.542,290.04,4.761904762,14.502,6.4,0,1,0,1,0,0,0,1,1,0,0,0,1,0,0,0,0,0,1,5,0,0.017460562
20.01,9,9.0045,189.0945,180.09,4.761904762,9.0045,5.7,1,0,0,0,0,1,1,0,1,0,0,1,0,0,0,0,0,1,0,5,0,0.00967971
88.61,1,4.4305,93.0405,88.61,4.761904762,4.4305,7.7,0,0,1,0,1,0,1,0,1,0,0,0,0,0,1,0,1,0,0,5,1,0.984967139
93.78,3,14.067,295.407,281.34,4.761904762,14.067,5.9,1,0,0,0,0,1,1,0,0,1,1,0,0,0,0,0,0,1,0,2,0,0.011079811
11.81,5,2.9525,62.0025,59.05,4.761904762,2.9525,9.4,0,0,1,0,1,0,0,1,0,1,1,0,0,0,0,0,1,0,0,6,1,1.001363742
98.97,9,44.5365,935.2665,890.73,4.761904762,44.5365,6.7,0,0,1,0,1,0,1,0,1,0,0,0,1,0,0,0,1,0,0,5,0,0.023735013
57.22,2,5.722,120.162,114.44,4.761904762,5.722,8.3,0,1,0,1,0,0,0,1,1,0,0,0,0,1,0,0,0,0,1,5,1,0.991210901
77.56,10,38.78,814.38,775.6,4.761904762,38.78,6.9,0,0,1,0,1,0,0,1,0,1,0,0,1,0,0,0,0,0,1,3,0,0.023494416
11.94,3,1.791,37.611,35.82,4.761904762,1.791,8.1,1,0,0,0,0,1,1,0,0,1,1,0,0,0,0,0,0,1,0,5,1,0.986764205
13.85,9,6.2325,130.8825,124.65,4.761904762,6.2325,6,0,0,1,0,1,0,0,1,1,0,0,0,0,1,0,0,0,0,1,0,0,0.01405659
42.47,1,2.1235,44.5935,42.47,4.761904762,2.1235,5.7,1,0,0,0,0,1,0,1,0,1,0,0,0,0,0,1,1,0,0,2,0,0.005653742
26.31,5,6.5775,138.1275,131.55,4.761904762,6.5775,8.8,1,0,0,0,0,1,0,1,1,0,1,0,0,0,0,0,0,1,0,4,1,0.99729918
88.79,8,35.516,745.836,710.32,4.761904762,35.516,4.1,1,0,0,0,0,1,1,0,1,0,0,0,0,0,1,0,1,0,0,6,0,-0.007325022
52.35,1,2.6175,54.9675,52.35,4.761904762,2.6175,4,0,0,1,0,1,0,1,0,0,1,0,1,0,0,0,0,1,0,0,1,0,-0.012568112
98.8,2,9.88,207.48,197.6,4.761904762,9.88,7.7,0,0,1,0,1,0,0,1,1,0,0,0,0,0,0,1,1,0,0,3,1,0.98229953
74.97,1,3.7485,78.7185,74.97,4.761904762,3.7485,5.6,0,1,0,1,0,0,0,1,0,1,0,0,0,0,0,1,1,0,0,5,0,0.003476348
86.27,1,4.3135,90.5835,86.27,4.761904762,4.3135,7,0,0,1,0,1,0,1,0,1,0,0,0,0,0,1,0,0,0,1,2,0,0.025829953
80.79,9,36.3555,763.4655,727.11,4.761904762,36.3555,9.5,0,0,1,0,1,0,1,0,1,0,0,0,0,0,1,0,0,1,0,4,1,1.008647162
93.18,2,9.318,195.678,186.36,4.761904762,9.318,8.5,1,0,0,0,0,1,0,1,1,0,0,0,0,0,0,1,0,1,0,2,1,0.99266756
90.53,8,36.212,760.452,724.24,4.761904762,36.212,6.5,0,1,0,1,0,0,1,0,0,1,0,0,0,0,0,1,0,1,0,4,0,0.016474102
40.26,10,20.13,422.73,402.6,4.761904762,20.13,5,1,0,0,0,0,1,0,1,1,0,1,0,0,0,0,0,0,1,0,6,0,0.001713153
74.51,6,22.353,469.413,447.06,4.761904762,22.353,5,1,0,0,0,0,1,1,0,0,1,1,0,0,0,0,0,0,0,1,2,0,-0.00081381
93.2,2,9.32,195.72,186.4,4.761904762,9.32,6,0,0,1,0,1,0,1,0,0,1,0,1,0,0,0,0,0,1,0,3,0,0.012281525
22.51,7,7.8785,165.4485,157.57,4.761904762,7.8785,4.8,0,0,1,0,1,0,0,1,1,0,0,1,0,0,0,0,0,1,0,2,0,-0.000489705
28.38,5,7.095,148.995,141.9,4.761904762,7.095,9.4,0,1,0,1,0,0,0,1,0,1,1,0,0,0,0,0,1,0,0,2,1,1.001088518
97.21,10,48.605,1020.705,972.1,4.761904762,48.605,8.7,0,0,1,0,1,0,1,0,1,0,0,1,0,0,0,0,0,1,0,4,1,0.998506751
49.01,10,24.505,514.605,490.1,4.761904762,24.505,4.2,0,1,0,1,0,0,0,1,1,0,0,0,0,0,1,0,0,1,0,6,0,-0.006863333
75.2,3,11.28,236.88,225.6,4.761904762,11.28,4.8,1,0,0,0,0,1,1,0,1,0,0,0,0,0,0,1,0,0,1,1,0,-0.003316343
41.06,6,12.318,258.678,246.36,4.761904762,12.318,8.3,0,1,0,1,0,0,1,0,1,0,0,0,0,1,0,0,0,1,0,1,1,0.992964595
17.94,5,4.485,94.185,89.7,4.761904762,4.485,6.8,1,0,0,0,0,1,1,0,0,1,0,1,0,0,0,0,0,0,1,2,0,0.019827922
52.59,8,21.036,441.756,420.72,4.761904762,21.036,8.5,1,0,0,0,0,1,1,0,1,0,0,0,0,0,1,0,0,1,0,4,1,0.995775969
11.53,7,4.0355,84.7455,80.71,4.761904762,4.0355,8.1,1,0,0,0,0,1,0,1,0,1,0,0,1,0,0,0,1,0,0,0,1,0.987149119
81.68,4,16.336,343.056,326.72,4.761904762,16.336,9.1,0,0,1,0,1,0,0,1,1,0,0,1,0,0,0,0,1,0,0,6,1,1.000832368
87.37,5,21.8425,458.6925,436.85,4.761904762,21.8425,6.6,1,0,0,0,0,1,1,0,1,0,0,0,0,0,1,0,1,0,0,1,0,0.022346196
88.25,9,39.7125,833.9625,794.25,4.761904762,39.7125,7.6,0,1,0,1,0,0,0,1,1,0,1,0,0,0,0,0,0,1,0,4,1,0.983893817
50.49,9,22.7205,477.1305,454.41,4.761904762,22.7205,5.4,0,0,1,0,1,0,1,0,0,1,0,0,1,0,0,0,1,0,0,3,0,0.00517259
57.91,8,23.164,486.444,463.28,4.761904762,23.164,8.1,0,1,0,1,0,0,0,1,1,0,1,0,0,0,0,0,1,0,0,3,1,0.988135757
49.32,6,14.796,310.716,295.92,4.761904762,14.796,7.1,0,0,1,0,1,0,0,1,1,0,0,1,0,0,0,0,0,0,1,2,1,0.976544113
62.65,4,12.53,263.13,250.6,4.761904762,12.53,4.2,1,0,0,0,0,1,1,0,0,1,0,0,0,0,1,0,1,0,0,5,0,-0.009012119
75.06,9,33.777,709.317,675.54,4.761904762,33.777,6.2,1,0,0,0,0,1,0,1,1,0,1,0,0,0,0,0,0,0,1,1,0,0.016000243
89.25,8,35.7,749.7,714,4.761904762,35.7,4.7,0,0,1,0,1,0,1,0,1,0,0,0,0,0,1,0,1,0,0,6,0,-7.43E-05
41.24,4,8.248,173.208,164.96,4.761904762,8.248,7.1,0,0,1,0,1,0,0,1,1,0,0,0,1,0,0,0,1,0,0,1,1,0.977655591
90.28,9,40.626,853.146,812.52,4.761904762,40.626,7.2,0,1,0,1,0,0,0,1,1,0,0,0,0,0,0,1,0,0,1,4,1,0.976083617
84.61,10,42.305,888.405,846.1,4.761904762,42.305,8.8,0,0,1,0,1,0,0,1,0,1,0,0,0,1,0,0,0,1,0,5,1,0.999155467
21.32,1,1.066,22.386,21.32,4.761904762,1.066,5.9,1,0,0,0,0,1,0,1,0,1,0,1,0,0,0,0,1,0,0,5,0,0.009596813
58.03,2,5.803,121.863,116.06,4.761904762,5.803,8.8,1,0,0,0,0,1,0,1,0,1,1,0,0,0,0,0,0,0,1,6,1,0.994026459
95.58,10,47.79,1003.59,955.8,4.761904762,47.79,4.8,0,0,1,0,1,0,0,1,0,1,0,0,0,0,1,0,1,0,0,2,0,0.000246521
47.65,3,7.1475,150.0975,142.95,4.761904762,7.1475,9.5,0,0,1,0,1,0,0,1,1,0,1,0,0,0,0,0,0,1,0,3,1,1.00603765
44.01,8,17.604,369.684,352.08,4.761904762,17.604,8.8,0,0,1,0,1,0,0,1,1,0,0,0,0,0,1,0,1,0,0,6,1,0.998256935
74.71,6,22.413,470.673,448.26,4.761904762,22.413,6.7,0,1,0,1,0,0,0,1,1,0,1,0,0,0,0,0,1,0,0,1,0,0.021251559
58.22,8,23.288,489.048,465.76,4.761904762,23.288,8.4,1,0,0,0,0,1,1,0,0,1,0,0,0,1,0,0,0,0,1,6,1,0.991705165
21.9,3,3.285,68.985,65.7,4.761904762,3.285,4.7,0,1,0,1,0,0,1,0,1,0,0,0,0,0,1,0,0,0,1,2,0,-0.002733125
74.67,9,33.6015,705.6315,672.03,4.761904762,33.6015,9.4,1,0,0,0,0,1,0,1,0,1,0,0,0,0,1,0,0,0,1,1,1,1.00424429
18.77,6,5.631,118.251,112.62,4.761904762,5.631,5.5,0,0,1,0,1,0,1,0,0,1,1,0,0,0,0,0,0,1,0,0,0,0.005787492
64.19,10,32.095,673.995,641.9,4.761904762,32.095,6.7,1,0,0,0,0,1,0,1,0,1,0,0,0,0,0,1,0,1,0,5,0,0.019226545
83.34,2,8.334,175.014,166.68,4.761904762,8.334,7.6,1,0,0,0,0,1,1,0,1,0,0,0,1,0,0,0,1,0,0,1,1,0.983630981
39.48,1,1.974,41.454,39.48,4.761904762,1.974,6.5,0,1,0,1,0,0,1,0,1,0,1,0,0,0,0,0,1,0,0,1,0,0.017955176
45.38,3,6.807,142.947,136.14,4.761904762,6.807,7.2,1,0,0,0,0,1,0,1,0,1,0,1,0,0,0,0,0,1,0,6,1,0.97656444
81.21,10,40.605,852.705,812.1,4.761904762,40.605,6.3,1,0,0,0,0,1,0,1,1,0,0,0,1,0,0,0,0,1,0,3,0,0.019678754
17.87,4,3.574,75.054,71.48,4.761904762,3.574,6.5,0,1,0,1,0,0,1,0,1,0,0,1,0,0,0,0,0,0,1,4,0,0.017181424
79.54,2,7.954,167.034,159.08,4.761904762,7.954,6.2,1,0,0,0,0,1,1,0,1,0,0,0,1,0,0,0,0,0,1,2,0,0.015766196
28.95,7,10.1325,212.7825,202.65,4.761904762,10.1325,6,1,0,0,0,0,1,0,1,0,1,0,0,0,1,0,0,0,1,0,6,0,0.013351846
35.19,10,17.595,369.495,351.9,4.761904762,17.595,8.4,0,0,1,0,1,0,1,0,0,1,0,1,0,0,0,0,0,1,0,6,1,0.990920191
44.07,4,8.814,185.094,176.28,4.761904762,8.814,8.4,0,0,1,0,1,0,1,0,0,1,0,0,0,1,0,0,0,0,1,0,1,0.991802365
93.31,2,9.331,195.951,186.62,4.761904762,9.331,6.3,0,1,0,1,0,0,0,1,1,0,0,0,0,0,0,1,1,0,0,0,0,0.014436305
29.67,7,10.3845,218.0745,207.69,4.761904762,10.3845,8.1,0,0,1,0,1,0,1,0,1,0,0,0,0,1,0,0,0,1,0,0,1,0.991367496
44.63,6,13.389,281.169,267.78,4.761904762,13.389,5.1,0,1,0,1,0,0,0,1,0,1,0,0,0,0,0,1,0,1,0,2,0,-0.001186945
46.66,9,20.997,440.937,419.94,4.761904762,20.997,5.3,0,0,1,0,1,0,0,1,1,0,0,0,0,0,0,1,0,0,1,6,0,0.002419934
85.91,5,21.4775,451.0275,429.55,4.761904762,21.4775,8.6,1,0,0,0,0,1,0,1,0,1,0,0,0,0,0,1,0,1,0,4,1,0.992265835
72.42,3,10.863,228.123,217.26,4.761904762,10.863,8.2,1,0,0,0,0,1,1,0,1,0,0,0,0,0,1,0,0,0,1,4,1,0.990601291
47.63,9,21.4335,450.1035,428.67,4.761904762,21.4335,5,1,0,0,0,0,1,1,0,1,0,0,0,1,0,0,0,1,0,0,2,0,0.002224912
94.26,4,18.852,395.892,377.04,4.761904762,18.852,8.6,0,0,1,0,1,0,1,0,0,1,0,0,1,0,0,0,1,0,0,1,1,0.994217686
32.32,3,4.848,101.808,96.96,4.761904762,4.848,4.3,0,1,0,1,0,0,0,1,0,1,0,0,1,0,0,0,0,1,0,2,0,-0.008378348
14.96,8,5.984,125.664,119.68,4.761904762,5.984,8.6,0,1,0,1,0,0,0,1,1,0,1,0,0,0,0,0,1,0,0,5,1,0.992838436
21.58,9,9.711,203.931,194.22,4.761904762,9.711,7.3,0,1,0,1,0,0,0,1,0,1,1,0,0,0,0,0,1,0,0,3,1,0.975778843
87.98,3,13.197,277.137,263.94,4.761904762,13.197,5.1,0,1,0,1,0,0,0,1,0,1,0,0,0,1,0,0,0,0,1,1,0,0.00141208
51.19,4,10.238,214.998,204.76,4.761904762,10.238,4.7,1,0,0,0,0,1,0,1,1,0,1,0,0,0,0,0,0,1,0,0,0,-0.00138949
21.12,8,8.448,177.408,168.96,4.761904762,8.448,6.3,0,1,0,1,0,0,0,1,0,1,0,0,1,0,0,0,1,0,0,1,0,0.014460527
34.56,5,8.64,181.44,172.8,4.761904762,8.64,9.9,1,0,0,0,0,1,0,1,0,1,1,0,0,0,0,0,0,0,1,6,1,1.007042193
47.71,6,14.313,300.573,286.26,4.761904762,14.313,4.4,0,0,1,0,1,0,1,0,1,0,0,0,0,1,0,0,0,0,1,5,0,-0.004783747
20.77,4,4.154,87.234,83.08,4.761904762,4.154,4.7,1,0,0,0,0,1,1,0,0,1,1,0,0,0,0,0,1,0,0,3,0,-0.004893866
60.01,4,12.002,252.042,240.04,4.761904762,12.002,4.5,1,0,0,0,0,1,1,0,0,1,0,0,0,0,1,0,1,0,0,4,0,-0.005377879
16.16,2,1.616,33.936,32.32,4.761904762,1.616,6.5,0,1,0,1,0,0,0,1,0,1,0,0,0,0,1,0,0,0,1,3,0,0.016795221
65.31,7,22.8585,480.0285,457.17,4.761904762,22.8585,4.2,0,0,1,0,1,0,1,0,0,1,0,0,0,1,0,0,0,1,0,1,0,-0.006836051
55.5,4,11.1,233.1,222,4.761904762,11.1,6.6,1,0,0,0,0,1,1,0,0,1,0,0,0,1,0,0,0,1,0,6,0,0.02074838
37,1,1.85,38.85,37,4.761904762,1.85,7.9,0,0,1,0,1,0,0,1,0,1,0,0,0,0,1,0,0,1,0,2,1,0.986512838
78.07,9,35.1315,737.7615,702.63,4.761904762,35.1315,4.5,0,1,0,1,0,0,1,0,0,1,0,0,0,0,0,1,1,0,0,0,0,-0.008014542
75.37,8,30.148,633.108,602.96,4.761904762,30.148,8.4,0,1,0,1,0,0,1,0,0,1,0,0,0,1,0,0,0,1,0,0,1,0.993286034
37.48,3,5.622,118.062,112.44,4.761904762,5.622,7.7,0,1,0,1,0,0,0,1,0,1,0,0,0,0,1,0,0,1,0,6,1,0.98291364
81.2,7,28.42,596.82,568.4,4.761904762,28.42,8.1,0,0,1,0,1,0,1,0,1,0,0,0,0,0,1,0,0,1,0,5,1,0.991556285
81.23,7,28.4305,597.0405,568.61,4.761904762,28.4305,9,0,0,1,0,1,0,1,0,0,1,0,0,0,1,0,0,1,0,0,1,1,1.000363296
54.31,9,24.4395,513.2295,488.79,4.761904762,24.4395,8.9,0,1,0,1,0,0,0,1,1,0,0,1,0,0,0,0,1,0,0,4,1,0.997786193
48.61,1,2.4305,51.0405,48.61,4.761904762,2.4305,4.4,0,0,1,0,1,0,0,1,0,1,0,0,1,0,0,0,1,0,0,0,0,-0.006935968
63.56,10,31.78,667.38,635.6,4.761904762,31.78,4.3,1,0,0,0,0,1,1,0,0,1,0,0,0,0,1,0,1,0,0,2,0,-0.006880377
36.36,2,3.636,76.356,72.72,4.761904762,3.636,7.1,1,0,0,0,0,1,1,0,1,0,0,0,1,0,0,0,1,0,0,0,1,0.977466296
21.82,10,10.91,229.11,218.2,4.761904762,10.91,7.1,0,0,1,0,1,0,1,0,1,0,0,0,0,0,1,0,1,0,0,0,1,0.977875074
59.59,4,11.918,250.278,238.36,4.761904762,11.918,9.8,0,0,1,0,1,0,1,0,0,1,0,0,1,0,0,0,1,0,0,5,1,1.007713487
17.49,10,8.745,183.645,174.9,4.761904762,8.745,6.6,0,1,0,1,0,0,0,1,0,1,0,1,0,0,0,0,0,0,1,4,0,0.016350366
72.57,8,29.028,609.588,580.56,4.761904762,29.028,4.6,0,1,0,1,0,0,1,0,0,1,0,0,0,1,0,0,1,0,0,5,0,-0.003914413
23.46,6,7.038,147.798,140.76,4.761904762,7.038,6.4,1,0,0,0,0,1,0,1,1,0,1,0,0,0,0,0,0,0,1,6,0,0.016522122
83.77,2,8.377,175.917,167.54,4.761904762,8.377,4.6,0,1,0,1,0,0,1,0,0,1,0,1,0,0,0,0,1,0,0,6,0,-0.006509824
88.34,7,30.919,649.299,618.38,4.761904762,30.919,6.6,1,0,0,0,0,1,1,0,1,0,0,1,0,0,0,0,1,0,0,0,0,0.021544299
12.1,8,4.84,101.64,96.8,4.761904762,4.84,8.6,0,1,0,1,0,0,1,0,1,0,1,0,0,0,0,0,0,0,1,5,1,0.992137825
27.02,3,4.053,85.113,81.06,4.761904762,4.053,7.1,0,0,1,0,1,0,0,1,1,0,0,1,0,0,0,0,0,1,0,5,1,0.977276711
30.68,3,4.602,96.642,92.04,4.761904762,4.602,9.1,1,0,0,0,0,1,0,1,0,1,0,0,0,0,1,0,0,0,1,1,1,0.999395293
77.93,9,35.0685,736.4385,701.37,4.761904762,35.0685,7.6,1,0,0,0,0,1,0,1,1,0,0,1,0,0,0,0,0,0,1,2,1,0.983409005
81.01,3,12.1515,255.1815,243.03,4.761904762,12.1515,9.3,1,0,0,0,0,1,1,0,0,1,0,0,0,0,1,0,0,1,0,6,1,1.003124202
48.5,3,7.275,152.775,145.5,4.761904762,7.275,6.7,0,1,0,1,0,0,1,0,1,0,0,0,0,0,0,1,1,0,0,1,0,0.018805389
95.44,10,47.72,1002.12,954.4,4.761904762,47.72,5.2,0,0,1,0,1,0,0,1,1,0,0,0,0,0,0,1,1,0,0,2,0,0.003719236
71.77,7,25.1195,527.5095,502.39,4.761904762,25.1195,8.9,0,1,0,1,0,0,0,1,0,1,0,0,0,1,0,0,1,0,0,4,1,0.997866737
16.67,7,5.8345,122.5245,116.69,4.761904762,5.8345,7.4,0,0,1,0,1,0,0,1,0,1,0,0,0,0,1,0,0,0,1,3,1,0.978762303
39.47,2,3.947,82.887,78.94,4.761904762,3.947,5,1,0,0,0,0,1,1,0,1,0,0,0,0,0,0,1,0,1,0,5,0,-0.000260128
52.42,1,2.621,55.041,52.42,4.761904762,2.621,6.3,0,0,1,0,1,0,0,1,1,0,0,0,1,0,0,0,0,1,0,2,0,0.018296924
97.16,1,4.858,102.018,97.16,4.761904762,4.858,7.2,1,0,0,0,0,1,0,1,0,1,1,0,0,0,0,0,0,0,1,4,1,0.975180205
16.28,1,0.814,17.094,16.28,4.761904762,0.814,5,0,0,1,0,1,0,0,1,0,1,0,1,0,0,0,0,1,0,0,5,0,-0.001055621
40.3,10,20.15,423.15,403,4.761904762,20.15,7,0,1,0,1,0,0,1,0,0,1,1,0,0,0,0,0,0,1,0,3,0,0.023031836
68.12,1,3.406,71.526,68.12,4.761904762,3.406,6.8,0,0,1,0,1,0,1,0,1,0,0,0,0,0,0,1,0,0,1,0,0,0.020386382
81.91,2,8.191,172.011,163.82,4.761904762,8.191,7.8,1,0,0,0,0,1,0,1,1,0,0,1,0,0,0,0,1,0,0,1,1,0.985384969
48.52,3,7.278,152.838,145.56,4.761904762,7.278,4,0,1,0,1,0,0,1,0,1,0,0,0,1,0,0,0,0,0,1,1,0,-0.011308278
78.88,2,7.888,165.648,157.76,4.761904762,7.888,9.1,0,1,0,1,0,0,1,0,1,0,0,0,1,0,0,0,1,0,0,5,1,1.000293938
51.71,4,10.342,217.182,206.84,4.761904762,10.342,9.8,1,0,0,0,0,1,0,1,0,1,0,0,0,1,0,0,0,1,0,5,1,1.009527442
73.38,7,25.683,539.343,513.66,4.761904762,25.683,9.5,0,0,1,0,1,0,1,0,1,0,0,1,0,0,0,0,1,0,0,6,1,1.005829517
15.87,10,7.935,166.635,158.7,4.761904762,7.935,5.8,1,0,0,0,0,1,1,0,0,1,0,0,0,1,0,0,1,0,0,2,0,0.009985238
43.46,6,13.038,273.798,260.76,4.761904762,13.038,8.5,0,0,1,0,1,0,1,0,1,0,0,1,0,0,0,0,0,0,1,3,1,0.992943018
20.97,5,5.2425,110.0925,104.85,4.761904762,5.2425,7.8,1,0,0,0,0,1,1,0,0,1,0,0,0,1,0,0,1,0,0,4,1,0.984427439
71.86,8,28.744,603.624,574.88,4.761904762,28.744,6.2,0,1,0,1,0,0,1,0,0,1,0,0,0,0,1,0,0,1,0,2,0,0.015803812
48.63,4,9.726,204.246,194.52,4.761904762,9.726,7.6,1,0,0,0,0,1,0,1,1,0,0,1,0,0,0,0,0,0,1,0,1,0.982460359
30.14,10,15.07,316.47,301.4,4.761904762,15.07,9.2,1,0,0,0,0,1,1,0,1,0,0,1,0,0,0,0,0,0,1,6,1,1.000689456
32.25,4,6.45,135.45,129,4.761904762,6.45,6.5,1,0,0,0,0,1,1,0,0,1,1,0,0,0,0,0,0,0,1,2,0,0.016246029
13.22,5,3.305,69.405,66.1,4.761904762,3.305,4.3,0,1,0,1,0,0,1,0,1,0,1,0,0,0,0,0,1,0,0,5,0,-0.00890589
73.96,1,3.698,77.658,73.96,4.761904762,3.698,5,0,1,0,1,0,0,1,0,1,0,0,1,0,0,0,0,0,1,0,5,0,0.000909207
72.61,6,21.783,457.443,435.66,4.761904762,21.783,6.9,1,0,0,0,0,1,0,1,0,1,0,0,0,0,0,1,0,1,0,1,0,0.021694776
52.75,3,7.9125,166.1625,158.25,4.761904762,7.9125,9.3,1,0,0,0,0,1,0,1,0,1,0,0,1,0,0,0,0,0,1,5,1,1.001040662
75.88,7,26.558,557.718,531.16,4.761904762,26.558,8.9,0,1,0,1,0,0,0,1,0,1,1,0,0,0,0,0,0,0,1,3,1,0.995527748
19.32,7,6.762,142.002,135.24,4.761904762,6.762,6.9,1,0,0,0,0,1,1,0,0,1,1,0,0,0,0,0,1,0,0,0,0,0.021496725
86.13,2,8.613,180.873,172.26,4.761904762,8.613,8.2,0,0,1,0,1,0,0,1,0,1,0,1,0,0,0,0,1,0,0,3,1,0.988186965
49.04,9,22.068,463.428,441.36,4.761904762,22.068,8.6,0,0,1,0,1,0,1,0,0,1,0,1,0,0,0,0,0,1,0,2,1,0.994040387
42.57,8,17.028,357.588,340.56,4.761904762,17.028,5.6,0,1,0,1,0,0,1,0,0,1,0,0,0,1,0,0,0,0,1,0,0,0.007169095
23.65,4,4.73,99.33,94.6,4.761904762,4.73,4,0,1,0,1,0,0,0,1,1,0,1,0,0,0,0,0,0,1,0,2,0,-0.011076188
51.07,7,17.8745,375.3645,357.49,4.761904762,17.8745,7,0,1,0,1,0,0,0,1,1,0,0,0,0,0,1,0,1,0,0,5,0,0.025583358
94.76,4,18.952,397.992,379.04,4.761904762,18.952,7.8,1,0,0,0,0,1,0,1,1,0,0,0,0,0,0,1,0,0,1,0,1,0.983517054
45.74,3,6.861,144.081,137.22,4.761904762,6.861,6.5,0,0,1,0,1,0,0,1,0,1,0,1,0,0,0,0,0,1,0,6,0,0.017797244
61.77,5,15.4425,324.2925,308.85,4.761904762,15.4425,6.7,1,0,0,0,0,1,0,1,1,0,0,1,0,0,0,0,1,0,0,4,0,0.021662733
33.26,5,8.315,174.615,166.3,4.761904762,8.315,4.2,1,0,0,0,0,1,0,1,1,0,0,0,0,0,0,1,0,1,0,0,0,-0.009244639
99.73,9,44.8785,942.4485,897.57,4.761904762,44.8785,6.5,0,1,0,1,0,0,0,1,1,0,1,0,0,0,0,0,0,1,0,5,0,0.02049687
63.06,3,9.459,198.639,189.18,4.761904762,9.459,7,0,1,0,1,0,0,0,1,0,1,0,0,0,0,0,1,0,0,1,5,0,0.019788431
38.6,1,1.93,40.53,38.6,4.761904762,1.93,6.7,1,0,0,0,0,1,0,1,0,1,1,0,0,0,0,0,0,0,1,1,0,0.018789976
33.3,9,14.985,314.685,299.7,4.761904762,14.985,7.2,1,0,0,0,0,1,0,1,1,0,0,0,0,0,1,0,0,0,1,0,1,0.978855823
82.58,10,41.29,867.09,825.8,4.761904762,41.29,5,0,1,0,1,0,0,1,0,0,1,0,0,0,1,0,0,1,0,0,3,0,0.00162163
74.89,4,14.978,314.538,299.56,4.761904762,14.978,4.2,0,0,1,0,1,0,1,0,1,0,0,0,1,0,0,0,0,0,1,4,0,-0.007905124
64.36,9,28.962,608.202,579.24,4.761904762,28.962,8.6,0,1,0,1,0,0,1,0,0,1,0,0,0,1,0,0,0,1,0,1,1,0.995413598
23.01,6,6.903,144.963,138.06,4.761904762,6.903,7.9,0,1,0,1,0,0,0,1,0,1,0,0,0,0,0,1,0,0,1,5,1,0.980602026
96.58,2,9.658,202.818,193.16,4.761904762,9.658,5.1,1,0,0,0,0,1,0,1,0,1,0,0,0,1,0,0,0,1,0,4,0,0.003234071
12.78,1,0.639,13.419,12.78,4.761904762,0.639,9.5,0,0,1,0,1,0,0,1,0,1,0,1,0,0,0,0,0,0,1,1,1,1.002899159
55.45,1,2.7725,58.2225,55.45,4.761904762,2.7725,4.9,1,0,0,0,0,1,1,0,0,1,0,1,0,0,0,0,0,1,0,1,0,-0.001054902
27,9,12.15,255.15,243,4.761904762,12.15,4.8,0,1,0,1,0,0,1,0,0,1,0,0,0,0,1,0,1,0,0,5,0,-0.003147155
27.22,3,4.083,85.743,81.66,4.761904762,4.083,7.3,0,0,1,0,1,0,0,1,0,1,0,0,1,0,0,0,1,0,0,0,1,0.978063218
37.44,6,11.232,235.872,224.64,4.761904762,11.232,5.9,1,0,0,0,0,1,1,0,1,0,0,0,0,0,1,0,0,1,0,2,0,0.014025658
44.84,9,20.178,423.738,403.56,4.761904762,20.178,7.5,0,0,1,0,1,0,1,0,1,0,1,0,0,0,0,0,0,1,0,0,1,0.982675712
65.26,8,26.104,548.184,522.08,4.761904762,26.104,6.3,0,0,1,0,1,0,0,1,0,1,0,0,0,0,1,0,0,0,1,4,0,0.016218644
17.42,10,8.71,182.91,174.2,4.761904762,8.71,7,1,0,0,0,0,1,1,0,1,0,1,0,0,0,0,0,0,0,1,4,0,0.023524013
80.36,4,16.072,337.512,321.44,4.761904762,16.072,8.3,0,0,1,0,1,0,1,0,1,0,0,0,1,0,0,0,0,1,0,5,1,0.992862049
82.33,4,16.466,345.786,329.32,4.761904762,16.466,7.5,1,0,0,0,0,1,1,0,0,1,0,0,0,0,0,1,0,1,0,4,1,0.978852069
72.52,8,29.008,609.168,580.16,4.761904762,29.008,4,0,0,1,0,1,0,1,0,1,0,0,0,1,0,0,0,0,1,0,5,0,-0.008451218
64.83,2,6.483,136.143,129.66,4.761904762,6.483,8,0,1,0,1,0,0,1,0,1,0,0,0,0,0,0,1,0,1,0,1,1,0.98572414
69.58,9,31.311,657.531,626.22,4.761904762,31.311,7.8,1,0,0,0,0,1,1,0,0,1,1,0,0,0,0,0,0,1,0,1,1,0.984866843
47.27,6,14.181,297.801,283.62,4.761904762,14.181,8.8,0,0,1,0,1,0,1,0,1,0,0,0,1,0,0,0,1,0,0,1,1,0.998023704
38.47,8,15.388,323.148,307.76,4.761904762,15.388,7.7,0,0,1,0,1,0,1,0,0,1,0,0,1,0,0,0,1,0,0,2,1,0.982823687
41.28,3,6.192,130.032,123.84,4.761904762,6.192,8.5,1,0,0,0,0,1,1,0,0,1,0,1,0,0,0,0,0,1,0,1,1,0.992396682
25.22,7,8.827,185.367,176.54,4.761904762,8.827,8.2,1,0,0,0,0,1,1,0,1,0,1,0,0,0,0,0,1,0,0,0,1,0.989531468
62.08,7,21.728,456.288,434.56,4.761904762,21.728,5.4,0,1,0,1,0,0,0,1,0,1,0,0,1,0,0,0,0,0,1,2,0,0.004013699
28.53,10,14.265,299.565,285.3,4.761904762,14.265,7.8,0,0,1,0,1,0,1,0,1,0,0,0,0,0,1,0,0,0,1,0,1,0.985878958
86.68,8,34.672,728.112,693.44,4.761904762,34.672,7.2,1,0,0,0,0,1,1,0,0,1,0,1,0,0,0,0,0,1,0,3,1,0.978050393
48.71,1,2.4355,51.1455,48.71,4.761904762,2.4355,4.1,0,0,1,0,1,0,1,0,0,1,0,1,0,0,0,0,1,0,0,1,0,-0.011388291
40.61,9,18.2745,383.7645,365.49,4.761904762,18.2745,7,0,1,0,1,0,0,1,0,0,1,0,1,0,0,0,0,1,0,0,2,0,0.022448285
46.26,6,13.878,291.438,277.56,4.761904762,13.878,9.5,0,0,1,0,1,0,0,1,1,0,0,0,0,1,0,0,0,1,0,4,1,1.008071569
74.69,7,26.1415,548.9715,522.83,4.761904762,26.1415,9.1,1,0,0,0,0,1,1,0,1,0,0,0,0,1,0,0,0,0,1,5,1,1.002302964
46.53,6,13.959,293.139,279.18,4.761904762,13.959,4.3,0,0,1,0,1,0,1,0,0,1,0,0,0,1,0,0,0,1,0,6,0,-0.006572026
73.47,10,36.735,771.435,734.7,4.761904762,36.735,9.5,1,0,0,0,0,1,1,0,1,0,1,0,0,0,0,0,0,0,1,5,1,1.005486677
51.94,3,7.791,163.611,155.82,4.761904762,7.791,7.9,1,0,0,0,0,1,0,1,0,1,0,1,0,0,0,0,1,0,0,4,1,0.984285778
16.49,2,1.649,34.629,32.98,4.761904762,1.649,4.6,0,1,0,1,0,0,1,0,1,0,0,0,0,0,0,1,0,0,1,1,0,-0.007032164
99.92,6,29.976,629.496,599.52,4.761904762,29.976,7.1,0,1,0,1,0,0,0,1,0,1,0,0,0,0,1,0,0,0,1,6,1,0.975603543
13.59,9,6.1155,128.4255,122.31,4.761904762,6.1155,5.8,0,1,0,1,0,0,0,1,0,1,0,0,0,0,1,0,1,0,0,4,0,0.00856854
78.38,4,15.676,329.196,313.52,4.761904762,15.676,7.9,0,0,1,0,1,0,1,0,1,0,0,0,0,0,1,0,1,0,0,6,1,0.987688375
46.33,7,16.2155,340.5255,324.31,4.761904762,16.2155,7.4,1,0,0,0,0,1,0,1,0,1,0,0,0,0,1,0,0,1,0,6,1,0.980457895
28.31,4,5.662,118.902,113.24,4.761904762,5.662,8.2,1,0,0,0,0,1,1,0,1,0,0,0,0,0,1,0,1,0,0,3,1,0.990822886
33.98,9,15.291,321.111,305.82,4.761904762,15.291,4.2,0,0,1,0,1,0,0,1,1,0,0,0,1,0,0,0,1,0,0,6,0,-0.007888892
85.72,3,12.858,270.018,257.16,4.761904762,12.858,5.1,0,0,1,0,1,0,1,0,0,1,0,0,0,0,1,0,0,0,1,3,0,0.001552299
30.35,7,10.6225,223.0725,212.45,4.761904762,10.6225,8,0,1,0,1,0,0,0,1,0,1,0,0,0,1,0,0,1,0,0,1,1,0.986513904
22.96,1,1.148,24.108,22.96,4.761904762,1.148,4.3,0,0,1,0,1,0,0,1,0,1,0,0,0,0,1,0,1,0,0,2,0,-0.007818554
38.54,5,9.635,202.335,192.7,4.761904762,9.635,5.6,1,0,0,0,0,1,1,0,0,1,0,1,0,0,0,0,0,0,1,2,0,0.005850053
26.26,3,3.939,82.719,78.78,4.761904762,3.939,6.3,0,1,0,1,0,0,1,0,1,0,1,0,0,0,0,0,0,0,1,5,0,0.014598828
96.37,7,33.7295,708.3195,674.59,4.761904762,33.7295,6,0,0,1,0,1,0,0,1,0,1,1,0,0,0,0,0,1,0,0,2,0,0.012441413
52.18,7,18.263,383.523,365.26,4.761904762,18.263,9.3,0,1,0,1,0,0,1,0,1,0,0,0,0,0,1,0,1,0,0,5,1,1.00345177
80.96,8,32.384,680.064,647.68,4.761904762,32.384,7.4,1,0,0,0,0,1,1,0,0,1,0,0,1,0,0,0,0,1,0,6,1,0.980716927
99.24,9,44.658,937.818,893.16,4.761904762,44.658,9,0,0,1,0,1,0,0,1,0,1,0,0,0,0,0,1,0,0,1,1,1,0.997069811
76.92,10,38.46,807.66,769.2,4.761904762,38.46,5.6,1,0,0,0,0,1,1,0,0,1,0,0,0,0,0,1,0,0,1,6,0,0.004925636
22.01,6,6.603,138.663,132.06,4.761904762,6.603,7.6,0,1,0,1,0,0,0,1,0,1,1,0,0,0,0,0,1,0,0,2,1,0.979518483
60.95,9,27.4275,575.9775,548.55,4.761904762,27.4275,6,1,0,0,0,0,1,0,1,0,1,0,0,0,0,0,1,0,1,0,0,0,0.011144983
22.24,10,11.12,233.52,222.4,4.761904762,11.12,4.2,1,0,0,0,0,1,1,0,1,0,0,0,0,0,0,1,1,0,0,5,0,-0.010925068
53.17,7,18.6095,390.7995,372.19,4.761904762,18.6095,8.9,1,0,0,0,0,1,1,0,0,1,0,0,0,1,0,0,1,0,0,0,1,0.998561941
48.91,5,12.2275,256.7775,244.55,4.761904762,12.2275,6.6,0,0,1,0,1,0,1,0,0,1,0,0,0,0,0,1,1,0,0,5,0,0.016382507
82.93,4,16.586,348.306,331.72,4.761904762,16.586,9.6,0,0,1,0,1,0,1,0,0,1,0,0,0,0,0,1,0,0,1,6,1,1.002375539
21.5,9,9.675,203.175,193.5,4.761904762,9.675,7.8,1,0,0,0,0,1,1,0,0,1,1,0,0,0,0,0,0,1,0,2,1,0.983426591
87.08,7,30.478,640.038,609.56,4.761904762,30.478,5.5,0,1,0,1,0,0,0,1,0,1,1,0,0,0,0,0,1,0,0,5,0,0.005099341
66.47,10,33.235,697.935,664.7,4.761904762,33.235,5,0,1,0,1,0,0,1,0,0,1,0,0,0,1,0,0,0,1,0,1,0,0.002171835
13.98,1,0.699,14.679,13.98,4.761904762,0.699,9.8,0,0,1,0,1,0,1,0,0,1,0,0,0,0,1,0,0,0,1,0,1,1.007768058
47.67,4,9.534,200.214,190.68,4.761904762,9.534,9.1,1,0,0,0,0,1,1,0,1,0,0,0,0,1,0,0,1,0,0,1,1,1.002450707
73.41,3,11.0115,231.2415,220.23,4.761904762,11.0115,4,0,1,0,1,0,0,0,1,1,0,0,0,0,1,0,0,0,0,1,5,0,-0.010307403
90.63,9,40.7835,856.4535,815.67,4.761904762,40.7835,5.1,0,0,1,0,1,0,1,0,1,0,0,0,0,0,0,1,1,0,0,4,0,0.001918218
34.49,5,8.6225,181.0725,172.45,4.761904762,8.6225,9,0,1,0,1,0,0,1,0,1,0,1,0,0,0,0,0,0,1,0,0,1,0.999282687
47.16,5,11.79,247.59,235.8,4.761904762,11.79,6,0,1,0,1,0,0,1,0,0,1,0,0,1,0,0,0,0,1,0,6,0,0.011684395
77.02,5,19.255,404.355,385.1,4.761904762,19.255,5.5,1,0,0,0,0,1,0,1,0,1,0,1,0,0,0,0,1,0,0,6,0,0.005520459
99.89,2,9.989,209.769,199.78,4.761904762,9.989,7.1,0,1,0,1,0,0,0,1,0,1,0,1,0,0,0,0,0,0,1,1,1,0.973899974
70.32,2,7.032,147.672,140.64,4.761904762,7.032,9.6,1,0,0,0,0,1,1,0,1,0,0,0,0,0,1,0,0,0,1,6,1,1.006950808
62.82,2,6.282,131.922,125.64,4.761904762,6.282,4.9,0,0,1,0,1,0,1,0,1,0,0,0,0,1,0,0,0,0,1,3,0,0.001217256
88.15,3,13.2225,277.6725,264.45,4.761904762,13.2225,7.9,1,0,0,0,0,1,1,0,1,0,0,1,0,0,0,0,0,0,1,4,1,0.985894823
72.2,7,25.27,530.67,505.4,4.761904762,25.27,4.3,1,0,0,0,0,1,1,0,0,1,1,0,0,0,0,0,0,0,1,1,0,-0.008971196
20.01,9,9.0045,189.0945,180.09,4.761904762,9.0045,4.1,0,1,0,1,0,0,1,0,1,0,0,0,1,0,0,0,0,0,1,2,0,-0.010636007
67.39,7,23.5865,495.3165,471.73,4.761904762,23.5865,6.9,0,0,1,0,1,0,1,0,0,1,0,1,0,0,0,0,0,0,1,5,0,0.021846459
94.67,4,18.934,397.614,378.68,4.761904762,18.934,6.8,1,0,0,0,0,1,0,1,1,0,0,1,0,0,0,0,1,0,0,0,0,0.023533529
69.52,7,24.332,510.972,486.64,4.761904762,24.332,8.5,1,0,0,0,0,1,1,0,0,1,0,0,0,0,0,1,0,1,0,4,1,0.990989346
99.69,5,24.9225,523.3725,498.45,4.761904762,24.9225,9.9,0,1,0,1,0,0,0,1,1,0,0,0,1,0,0,0,1,0,0,0,1,1.011165298
34.7,2,3.47,72.87,69.4,4.761904762,3.47,8.2,0,1,0,1,0,0,0,1,1,0,0,1,0,0,0,0,0,0,1,2,1,0.988397881
70.74,4,14.148,297.108,282.96,4.761904762,14.148,4.4,1,0,0,0,0,1,1,0,0,1,0,0,0,0,1,0,0,1,0,5,0,-0.005660126
21.52,6,6.456,135.576,129.12,4.761904762,6.456,9.4,1,0,0,0,0,1,0,1,0,1,0,0,0,0,1,0,0,1,0,3,1,1.004048236
94.64,3,14.196,298.116,283.92,4.761904762,14.196,5.5,1,0,0,0,0,1,1,0,1,0,1,0,0,0,0,0,1,0,0,3,0,0.007257835
48.62,8,19.448,408.408,388.96,4.761904762,19.448,5,1,0,0,0,0,1,1,0,1,0,1,0,0,0,0,0,1,0,0,3,0,0.001176111
81.71,6,24.513,514.773,490.26,4.761904762,24.513,8,1,0,0,0,0,1,0,1,0,1,0,0,1,0,0,0,0,1,0,6,1,0.987638576
33.2,2,3.32,69.72,66.4,4.761904762,3.32,4.4,0,1,0,1,0,0,0,1,0,1,0,0,0,0,1,0,0,1,0,4,0,-0.00680025
85.98,8,34.392,722.232,687.84,4.761904762,34.392,8.2,0,0,1,0,1,0,0,1,1,0,1,0,0,0,0,0,1,0,0,3,1,0.990931237
23.07,9,10.3815,218.0115,207.63,4.761904762,10.3815,4.9,0,0,1,0,1,0,0,1,1,0,1,0,0,0,0,0,1,0,0,4,0,-0.00059022
67.99,7,23.7965,499.7265,475.93,4.761904762,23.7965,5.7,0,0,1,0,1,0,1,0,1,0,0,0,0,0,0,1,0,0,1,6,0,0.007457498
72.39,2,7.239,152.019,144.78,4.761904762,7.239,8.1,0,1,0,1,0,0,0,1,0,1,0,0,1,0,0,0,0,1,0,6,1,0.987297081
82.34,10,41.17,864.57,823.4,4.761904762,41.17,4.3,0,0,1,0,1,0,1,0,0,1,1,0,0,0,0,0,0,0,1,4,0,-0.008437238
57.74,3,8.661,181.881,173.22,4.761904762,8.661,7.7,0,1,0,1,0,0,1,0,0,1,0,0,1,0,0,0,0,0,1,2,1,0.98140073
54.07,9,24.3315,510.9615,486.63,4.761904762,24.3315,9.5,0,0,1,0,1,0,1,0,1,0,0,1,0,0,0,0,0,0,1,6,1,1.005019414
31.9,1,1.595,33.495,31.9,4.761904762,1.595,9.1,0,0,1,0,1,0,1,0,1,0,0,1,0,0,0,0,0,0,1,5,1,0.999638995
25.56,7,8.946,187.866,178.92,4.761904762,8.946,7.1,0,1,0,1,0,0,0,1,1,0,0,1,0,0,0,0,1,0,0,5,1,0.97545572
89.48,5,22.37,469.77,447.4,4.761904762,22.37,7.4,1,0,0,0,0,1,0,1,1,0,0,0,0,0,0,1,1,0,0,5,1,0.978958126
40.3,2,4.03,84.63,80.6,4.761904762,4.03,4.4,0,1,0,1,0,0,0,1,1,0,0,0,0,0,1,0,0,0,1,0,0,-0.005903677
86.8,3,13.02,273.42,260.4,4.761904762,13.02,9.9,0,0,1,0,1,0,1,0,0,1,0,0,0,1,0,0,0,0,1,0,1,1.010033277
55.04,7,19.264,404.544,385.28,4.761904762,19.264,5.2,0,0,1,0,1,0,1,0,0,1,0,0,1,0,0,0,0,0,1,1,0,0.002390186
54.55,10,27.275,572.775,545.5,4.761904762,27.275,7.1,0,0,1,0,1,0,1,0,1,0,0,0,0,0,0,1,0,1,0,5,1,0.976113808
64.08,7,22.428,470.988,448.56,4.761904762,22.428,7.6,0,0,1,0,1,0,0,1,0,1,0,0,0,1,0,0,0,0,1,6,1,0.982379246
13.69,6,4.107,86.247,82.14,4.761904762,4.107,6.3,0,1,0,1,0,0,0,1,0,1,0,0,0,0,0,1,1,0,0,2,0,0.011666214
57.89,2,5.789,121.569,115.78,4.761904762,5.789,8.9,0,1,0,1,0,0,1,0,0,1,0,0,1,0,0,0,0,0,1,3,1,0.995518969
22.62,1,1.131,23.751,22.62,4.761904762,1.131,6.4,0,0,1,0,1,0,1,0,1,0,0,0,1,0,0,0,1,0,0,6,0,0.018072614
73.22,6,21.966,461.286,439.32,4.761904762,21.966,7.2,1,0,0,0,0,1,0,1,0,1,0,0,0,0,1,0,1,0,0,0,1,0.978210144
31.84,1,1.592,33.432,31.84,4.761904762,1.592,7.7,1,0,0,0,0,1,1,0,0,1,0,0,1,0,0,0,1,0,0,5,1,0.982219631
52.89,4,10.578,222.138,211.56,4.761904762,10.578,6.7,0,1,0,1,0,0,0,1,0,1,1,0,0,0,0,0,0,0,1,0,0,0.018340915
39.91,3,5.9865,125.7165,119.73,4.761904762,5.9865,9.3,0,1,0,1,0,0,1,0,0,1,0,0,0,1,0,0,0,0,1,3,1,1.001259183
32.46,8,12.984,272.664,259.68,4.761904762,12.984,4.9,1,0,0,0,0,1,0,1,0,1,0,0,0,1,0,0,0,1,0,2,0,0.000701581
15.5,1,0.775,16.275,15.5,4.761904762,0.775,7.4,1,0,0,0,0,1,0,1,1,0,0,1,0,0,0,0,0,1,0,1,1,0.981103484
53.65,7,18.7775,394.3275,375.55,4.761904762,18.7775,5.2,1,0,0,0,0,1,1,0,1,0,0,1,0,0,0,0,0,0,1,6,0,0.003002341
87.67,2,8.767,184.107,175.34,4.761904762,8.767,7.7,1,0,0,0,0,1,0,1,1,0,0,1,0,0,0,0,0,1,0,6,1,0.984635379
69.08,2,6.908,145.068,138.16,4.761904762,6.908,6.9,0,1,0,1,0,0,0,1,0,1,0,1,0,0,0,0,0,1,0,3,0,0.02203208
92.13,6,27.639,580.419,552.78,4.761904762,27.639,8.3,1,0,0,0,0,1,1,0,1,0,0,0,0,0,0,1,1,0,0,2,1,0.990116306
91.4,7,31.99,671.79,639.8,4.761904762,31.99,9.5,0,0,1,0,1,0,1,0,0,1,0,0,1,0,0,0,1,0,0,6,1,1.005029826
15.26,6,4.578,96.138,91.56,4.761904762,4.578,9.8,1,0,0,0,0,1,0,1,0,1,0,0,0,1,0,0,0,0,1,4,1,1.007666479
55.67,2,5.567,116.907,111.34,4.761904762,5.567,6,0,1,0,1,0,0,1,0,0,1,1,0,0,0,0,0,0,0,1,2,0,0.009598531
93.96,9,42.282,887.922,845.64,4.761904762,42.282,9.8,1,0,0,0,0,1,0,1,0,1,0,0,0,0,1,0,1,0,0,2,1,1.01000629
22.38,1,1.119,23.499,22.38,4.761904762,1.119,8.6,0,0,1,0,1,0,0,1,1,0,0,0,0,0,0,1,0,1,0,2,1,0.993517318
99.82,9,44.919,943.299,898.38,4.761904762,44.919,6.6,0,0,1,0,1,0,1,0,0,1,0,1,0,0,0,0,1,0,0,2,0,0.020245298
18.08,3,2.712,56.952,54.24,4.761904762,2.712,8,0,1,0,1,0,0,1,0,0,1,0,0,1,0,0,0,0,0,1,1,1,0.984693204
62.13,6,18.639,391.419,372.78,4.761904762,18.639,7.4,1,0,0,0,0,1,0,1,0,1,0,0,0,0,0,1,1,0,0,4,1,0.976830641
21.43,10,10.715,225.015,214.3,4.761904762,10.715,6.2,0,1,0,1,0,0,1,0,1,0,1,0,0,0,0,0,1,0,0,0,0,0.014216826
42.85,1,2.1425,44.9925,42.85,4.761904762,2.1425,9.3,0,0,1,0,1,0,1,0,0,1,0,0,0,0,0,1,0,1,0,3,1,0.999854939
42.91,5,10.7275,225.2775,214.55,4.761904762,10.7275,6.1,1,0,0,0,0,1,0,1,1,0,0,0,0,0,1,0,0,0,1,5,0,0.014858529
63.88,8,25.552,536.592,511.04,4.761904762,25.552,9.9,1,0,0,0,0,1,1,0,1,0,0,1,0,0,0,0,0,0,1,6,1,1.009862431
99.7,3,14.955,314.055,299.1,4.761904762,14.955,4.7,0,1,0,1,0,0,0,1,0,1,0,0,0,0,1,0,0,0,1,0,0,-0.003626606
83.35,2,8.335,175.035,166.7,4.761904762,8.335,9.5,0,0,1,0,1,0,1,0,1,0,0,1,0,0,0,0,0,1,0,5,1,1.006157181
61.29,5,15.3225,321.7725,306.45,4.761904762,15.3225,7,0,1,0,1,0,0,1,0,0,1,0,0,0,1,0,0,1,0,0,4,0,0.024192255
49.38,7,17.283,362.943,345.66,4.761904762,17.283,7.3,1,0,0,0,0,1,1,0,0,1,0,0,1,0,0,0,0,1,0,2,1,0.979042296
53.19,7,18.6165,390.9465,372.33,4.761904762,18.6165,5,0,0,1,0,1,0,0,1,0,1,0,0,0,1,0,0,0,0,1,0,0,0.001193624
65.97,8,26.388,554.148,527.76,4.761904762,26.388,8.4,0,0,1,0,1,0,0,1,0,1,0,0,1,0,0,0,1,0,0,5,1,0.99165679
81.37,2,8.137,170.877,162.74,4.761904762,8.137,6.5,0,1,0,1,0,0,0,1,1,0,0,1,0,0,0,0,1,0,0,5,0,0.018187763
63.71,5,15.9275,334.4775,318.55,4.761904762,15.9275,8.5,0,1,0,1,0,0,0,1,1,0,0,1,0,0,0,0,0,0,1,3,1,0.992392215
73.06,7,25.571,536.991,511.42,4.761904762,25.571,4.2,0,1,0,1,0,0,0,1,0,1,0,0,1,0,0,0,0,1,0,0,0,-0.008448144
55.73,6,16.719,351.099,334.38,4.761904762,16.719,7,0,0,1,0,1,0,0,1,0,1,0,0,0,0,1,0,0,0,1,6,0,0.023969396
57.27,3,8.5905,180.4005,171.81,4.761904762,8.5905,6.5,0,1,0,1,0,0,0,1,0,1,0,1,0,0,0,0,0,0,1,5,0,0.01568088
88.55,8,35.42,743.82,708.4,4.761904762,35.42,4.7,0,0,1,0,1,0,1,0,1,0,1,0,0,0,0,0,0,0,1,1,0,-0.001676172
77.47,4,15.494,325.374,309.88,4.761904762,15.494,4.2,1,0,0,0,0,1,0,1,1,0,0,0,0,0,1,0,1,0,0,6,0,-0.006939911
51.92,5,12.98,272.58,259.6,4.761904762,12.98,7.5,0,0,1,0,1,0,1,0,1,0,1,0,0,0,0,0,1,0,0,6,1,0.981162917
58.95,10,29.475,618.975,589.5,4.761904762,29.475,8.1,0,0,1,0,1,0,0,1,0,1,0,0,0,1,0,0,0,0,1,3,1,0.988785588
53.78,1,2.689,56.469,53.78,4.761904762,2.689,4.7,0,1,0,1,0,0,1,0,0,1,0,1,0,0,0,0,0,0,1,6,0,-0.006133866
58.26,6,17.478,367.038,349.56,4.761904762,17.478,9.9,1,0,0,0,0,1,0,1,0,1,0,0,1,0,0,0,1,0,0,3,1,1.009250876
41.5,4,8.3,174.3,166,4.761904762,8.3,8.2,0,0,1,0,1,0,0,1,0,1,0,0,0,1,0,0,0,1,0,1,1,0.990790809
72.6,6,21.78,457.38,435.6,4.761904762,21.78,6.9,0,1,0,1,0,0,1,0,0,1,0,0,0,0,0,1,1,0,0,6,0,0.019468732
97.29,8,38.916,817.236,778.32,4.761904762,38.916,6.2,1,0,0,0,0,1,0,1,1,0,0,1,0,0,0,0,0,1,0,5,0,0.017674097
63.42,8,25.368,532.728,507.36,4.761904762,25.368,7.4,1,0,0,0,0,1,0,1,1,0,0,0,0,0,1,0,0,0,1,0,1,0.981975429
93.88,7,32.858,690.018,657.16,4.761904762,32.858,7.3,1,0,0,0,0,1,0,1,1,0,1,0,0,0,0,0,0,1,0,5,1,0.980793903
36.77,7,12.8695,270.2595,257.39,4.761904762,12.8695,7.4,0,0,1,0,1,0,1,0,1,0,0,0,1,0,0,0,1,0,0,4,1,0.980892004
96.11,1,4.8055,100.9155,96.11,4.761904762,4.8055,7.8,0,1,0,1,0,0,0,1,0,1,0,0,0,1,0,0,0,0,1,4,1,0.983486515
48.5,6,14.55,305.55,291,4.761904762,14.55,9.4,1,0,0,0,0,1,1,0,0,1,0,0,1,0,0,0,0,0,1,4,1,1.00238791
15.8,3,2.37,49.77,47.4,4.761904762,2.37,9.5,1,0,0,0,0,1,0,1,1,0,0,0,0,1,0,0,1,0,0,0,1,1.007031596
98.98,10,49.49,1039.29,989.8,4.761904762,49.49,8.7,1,0,0,0,0,1,0,1,0,1,0,1,0,0,0,0,0,1,0,4,1,0.996659165
39.01,1,1.9505,40.9605,39.01,4.761904762,1.9505,4.7,0,1,0,1,0,0,1,0,0,1,0,0,0,1,0,0,0,1,0,1,0,-0.002551314
38.27,2,3.827,80.367,76.54,4.761904762,3.827,5.8,0,1,0,1,0,0,0,1,1,0,1,0,0,0,0,0,0,1,0,5,0,0.01022004
75.66,5,18.915,397.215,378.3,4.761904762,18.915,7.8,0,1,0,1,0,0,0,1,0,1,1,0,0,0,0,0,0,0,1,1,1,0.982306905
88.36,5,22.09,463.89,441.8,4.761904762,22.09,9.6,0,1,0,1,0,0,0,1,1,0,0,0,1,0,0,0,1,0,0,4,1,1.007043678
66.35,1,3.3175,69.6675,66.35,4.761904762,3.3175,9.7,1,0,0,0,0,1,1,0,0,1,1,0,0,0,0,0,0,1,0,3,1,1.0062956
38.6,3,5.79,121.59,115.8,4.761904762,5.79,7.5,0,0,1,0,1,0,1,0,1,0,0,0,1,0,0,0,0,0,1,3,1,0.981543948
98.79,3,14.8185,311.1885,296.37,4.761904762,14.8185,6.4,0,1,0,1,0,0,1,0,1,0,0,0,1,0,0,0,0,0,1,5,0,0.017398013
28.96,1,1.448,30.408,28.96,4.761904762,1.448,6.2,1,0,0,0,0,1,0,1,1,0,1,0,0,0,0,0,0,1,0,3,0,0.015925442
23.08,6,6.924,145.404,138.48,4.761904762,6.924,4.9,0,1,0,1,0,0,1,0,1,0,0,0,0,0,0,1,0,0,1,3,0,-0.003666905
62.85,4,12.57,263.97,251.4,4.761904762,12.57,8.7,0,1,0,1,0,0,1,0,1,0,0,0,1,0,0,0,0,0,1,0,1,0.99555297
56.5,1,2.825,59.325,56.5,4.761904762,2.825,9.6,0,0,1,0,1,0,0,1,0,1,0,1,0,0,0,0,0,0,1,2,1,1.004140988
42.82,9,19.269,404.649,385.38,4.761904762,19.269,8.9,0,1,0,1,0,0,1,0,1,0,0,0,1,0,0,0,0,1,0,1,1,0.999228426
95.42,4,19.084,400.764,381.68,4.761904762,19.084,6.4,0,0,1,0,1,0,0,1,1,0,0,1,0,0,0,0,0,0,1,5,0,0.017856938
63.22,2,6.322,132.762,126.44,4.761904762,6.322,8.5,0,0,1,0,1,0,0,1,1,0,1,0,0,0,0,0,1,0,0,1,1,0.993477989
12.29,9,5.5305,116.1405,110.61,4.761904762,5.5305,8,0,1,0,1,0,0,1,0,1,0,0,0,0,0,1,0,0,1,0,1,1,0.988224696
86.72,1,4.336,91.056,86.72,4.761904762,4.336,7.9,0,1,0,1,0,0,1,0,1,0,0,0,0,0,1,0,0,0,1,3,1,0.986078412
76.4,2,7.64,160.44,152.8,4.761904762,7.64,6.5,0,0,1,0,1,0,0,1,0,1,0,0,0,0,0,1,0,0,1,2,0,0.014988493
82.04,5,20.51,430.71,410.2,4.761904762,20.51,7.6,0,1,0,1,0,0,1,0,1,0,0,0,0,0,1,0,0,1,0,0,1,0.984842355
56.04,10,28.02,588.42,560.4,4.761904762,28.02,4.4,1,0,0,0,0,1,1,0,0,1,0,1,0,0,0,0,0,0,1,0,0,-0.007565067
20.87,3,3.1305,65.7405,62.61,4.761904762,3.1305,8,0,1,0,1,0,0,1,0,1,0,0,0,1,0,0,0,0,1,0,2,1,0.987937195
58.9,8,23.56,494.76,471.2,4.761904762,23.56,8.9,1,0,0,0,0,1,1,0,0,1,0,0,0,0,1,0,1,0,0,6,1,0.997752267
95.95,5,23.9875,503.7375,479.75,4.761904762,23.9875,8.8,1,0,0,0,0,1,1,0,1,0,0,0,0,1,0,0,0,0,1,2,1,0.999051373
55.39,4,11.078,232.638,221.56,4.761904762,11.078,8,1,0,0,0,0,1,0,1,1,0,0,0,1,0,0,0,0,0,1,0,1,0.98801471
12.12,10,6.06,127.26,121.2,4.761904762,6.06,8.4,0,0,1,0,1,0,1,0,1,0,0,0,0,0,1,0,0,1,0,1,1,0.993839746
50.23,4,10.046,210.966,200.92,4.761904762,10.046,9,1,0,0,0,0,1,0,1,1,0,1,0,0,0,0,0,1,0,0,1,1,0.999399362
42.97,3,6.4455,135.3555,128.91,4.761904762,6.4455,9.3,0,1,0,1,0,0,0,1,1,0,0,0,0,0,0,1,1,0,0,6,1,0.999875706
92.6,7,32.41,680.61,648.2,4.761904762,32.41,9.3,1,0,0,0,0,1,1,0,0,1,1,0,0,0,0,0,0,1,0,2,1,1.002898032
33.47,2,3.347,70.287,66.94,4.761904762,3.347,6.7,0,0,1,0,1,0,0,1,1,0,0,0,0,1,0,0,0,0,1,6,0,0.022286533
37.15,7,13.0025,273.0525,260.05,4.761904762,13.0025,7.7,0,0,1,0,1,0,1,0,1,0,0,0,0,1,0,0,0,1,0,4,1,0.986394843
91.61,1,4.5805,96.1905,91.61,4.761904762,4.5805,9.8,1,0,0,0,0,1,1,0,1,0,0,0,1,0,0,0,1,0,0,2,1,1.009612761
36.36,4,7.272,152.712,145.44,4.761904762,7.272,7.6,1,0,0,0,0,1,1,0,0,1,1,0,0,0,0,0,1,0,0,0,1,0.980655516
80.62,6,24.186,507.906,483.72,4.761904762,24.186,9.1,1,0,0,0,0,1,1,0,0,1,0,0,1,0,0,0,1,0,0,3,1,1.000054034
84.25,2,8.425,176.925,168.5,4.761904762,8.425,5.3,0,0,1,0,1,0,1,0,0,1,1,0,0,0,0,0,0,1,0,1,0,0.003848398
14.82,3,2.223,46.683,44.46,4.761904762,2.223,8.7,0,1,0,1,0,0,0,1,0,1,0,0,0,1,0,0,0,1,0,4,1,0.995275979
24.31,3,3.6465,76.5765,72.93,4.761904762,3.6465,4.3,0,0,1,0,1,0,1,0,0,1,0,0,1,0,0,0,0,1,0,1,0,-0.007540451
50.28,5,12.57,263.97,251.4,4.761904762,12.57,9.7,0,1,0,1,0,0,0,1,0,1,0,0,0,0,1,0,0,0,1,3,1,1.005866336
93.4,2,9.34,196.14,186.8,4.761904762,9.34,5.5,0,1,0,1,0,0,1,0,0,1,0,0,1,0,0,0,1,0,0,5,0,0.005071634
74.66,4,14.932,313.572,298.64,4.761904762,14.932,8.5,1,0,0,0,0,1,0,1,1,0,0,0,1,0,0,0,1,0,0,0,1,0.994761755
95.54,7,33.439,702.219,668.78,4.761904762,33.439,9.6,0,1,0,1,0,0,0,1,0,1,0,1,0,0,0,0,0,1,0,5,1,1.005747279
69.96,8,27.984,587.664,559.68,4.761904762,27.984,6.4,1,0,0,0,0,1,0,1,1,0,0,0,0,0,1,0,0,1,0,4,0,0.02074834
99.96,9,44.982,944.622,899.64,4.761904762,44.982,4.2,0,1,0,1,0,0,1,0,0,1,0,0,0,0,0,1,0,1,0,5,0,-0.010570418
72.84,7,25.494,535.374,509.88,4.761904762,25.494,8.4,0,1,0,1,0,0,0,1,1,0,0,1,0,0,0,0,1,0,0,4,1,0.992072564
84.63,10,42.315,888.615,846.3,4.761904762,42.315,9,0,1,0,1,0,0,1,0,1,0,0,0,1,0,0,0,0,1,0,1,1,1.001766124
60.38,10,30.19,633.99,603.8,4.761904762,30.19,6,0,1,0,1,0,0,1,0,0,1,0,0,0,0,1,0,1,0,0,1,0,0.012556907
58.07,9,26.1315,548.7615,522.63,4.761904762,26.1315,4.3,1,0,0,0,0,1,1,0,0,1,0,0,0,0,1,0,0,0,1,5,0,-0.007966664
70.21,6,21.063,442.323,421.26,4.761904762,21.063,7.4,0,0,1,0,1,0,0,1,0,1,0,0,0,1,0,0,1,0,0,5,1,0.980639676
43.7,2,4.37,91.77,87.4,4.761904762,4.37,4.9,0,0,1,0,1,0,1,0,0,1,0,0,0,1,0,0,1,0,0,1,0,-6.89E-05
71.68,3,10.752,225.792,215.04,4.761904762,10.752,9.2,1,0,0,0,0,1,0,1,1,0,0,0,1,0,0,0,0,1,0,3,1,1.003522507
17.14,7,5.999,125.979,119.98,4.761904762,5.999,7.9,0,0,1,0,1,0,1,0,0,1,0,0,0,0,0,1,0,1,0,2,1,0.982968998
37.06,4,7.412,155.652,148.24,4.761904762,7.412,9.7,0,0,1,0,1,0,1,0,0,1,1,0,0,0,0,0,0,0,1,3,1,1.004955016
74.44,10,37.22,781.62,744.4,4.761904762,37.22,5.1,1,0,0,0,0,1,0,1,1,0,0,0,1,0,0,0,0,0,1,2,0,0.003846225
92.36,5,23.09,484.89,461.8,4.761904762,23.09,4.9,0,1,0,1,0,0,0,1,0,1,0,0,0,0,1,0,0,0,1,2,0,-0.001101655
55.61,7,19.4635,408.7335,389.27,4.761904762,19.4635,8.5,0,0,1,0,1,0,0,1,0,1,0,0,0,0,1,0,1,0,0,5,1,0.993083453
99.37,2,9.937,208.677,198.74,4.761904762,9.937,5.2,0,0,1,0,1,0,1,0,0,1,0,0,1,0,0,0,1,0,0,3,0,0.00262296
25.31,2,2.531,53.151,50.62,4.761904762,2.531,7.2,0,1,0,1,0,0,0,1,0,1,0,0,0,0,0,1,0,0,1,5,1,0.972342759
32.25,5,8.0625,169.3125,161.25,4.761904762,8.0625,9,1,0,0,0,0,1,0,1,1,0,0,0,0,0,0,1,1,0,0,6,1,0.997037258
96.98,4,19.396,407.316,387.92,4.761904762,19.396,9.4,0,0,1,0,1,0,1,0,0,1,0,1,0,0,0,0,0,0,1,2,1,1.002443386
25.7,3,3.855,80.955,77.1,4.761904762,3.855,6.1,1,0,0,0,0,1,0,1,0,1,0,0,0,0,0,1,0,0,1,3,0,0.009709423
26.6,6,7.98,167.58,159.6,4.761904762,7.98,4.9,0,1,0,1,0,0,1,0,0,1,0,0,1,0,0,0,0,0,1,1,0,-0.002703951
39.43,6,11.829,248.409,236.58,4.761904762,11.829,9.4,0,0,1,0,1,0,0,1,1,0,0,0,1,0,0,0,0,1,0,0,1,1.006068765
13.5,10,6.75,141.75,135,4.761904762,6.75,4.8,0,1,0,1,0,0,0,1,1,0,0,0,0,1,0,0,0,1,0,2,0,2.56E-05
39.39,5,9.8475,206.7975,196.95,4.761904762,9.8475,8.7,0,0,1,0,1,0,1,0,0,1,0,0,0,0,1,0,0,1,0,1,1,0.996198942
43.18,8,17.272,362.712,345.44,4.761904762,17.272,8.3,0,0,1,0,1,0,0,1,1,0,0,0,1,0,0,0,0,1,0,5,1,0.992659915
45.48,10,22.74,477.54,454.8,4.761904762,22.74,4.8,1,0,0,0,0,1,0,1,1,0,1,0,0,0,0,0,0,1,0,4,0,-0.000323057
99.78,5,24.945,523.845,498.9,4.761904762,24.945,5.4,1,0,0,0,0,1,1,0,0,1,0,0,1,0,0,0,1,0,0,5,0,0.005397511
46.02,6,13.806,289.926,276.12,4.761904762,13.806,7.1,0,1,0,1,0,0,0,1,0,1,1,0,0,0,0,0,1,0,0,3,1,0.973917787
51.54,5,12.885,270.585,257.7,4.761904762,12.885,4.2,0,1,0,1,0,0,0,1,1,0,0,0,0,0,0,1,1,0,0,5,0,-0.011101976
24.94,9,11.223,235.683,224.46,4.761904762,11.223,5.6,1,0,0,0,0,1,0,1,0,1,0,0,1,0,0,0,0,1,0,4,0,0.007607792
96.7,5,24.175,507.675,483.5,4.761904762,24.175,7,1,0,0,0,0,1,1,0,1,0,0,1,0,0,0,0,0,0,1,0,0,0.025524332
43,4,8.6,180.6,172,4.761904762,8.6,7.6,0,1,0,1,0,0,0,1,1,0,1,0,0,0,0,0,0,0,1,3,1,0.981078977
27.07,1,1.3535,28.4235,27.07,4.761904762,1.3535,5.3,0,1,0,1,0,0,1,0,1,0,0,0,0,1,0,0,0,1,0,5,0,0.006086631
45.97,4,9.194,193.074,183.88,4.761904762,9.194,5.1,0,1,0,1,0,0,0,1,0,1,0,0,0,0,1,0,0,0,1,5,0,0.000224747
56.53,4,11.306,237.426,226.12,4.761904762,11.306,5.5,1,0,0,0,0,1,0,1,1,0,0,0,0,0,1,0,0,0,1,0,0,0.008296317
21.48,2,2.148,45.108,42.96,4.761904762,2.148,6.6,1,0,0,0,0,1,1,0,0,1,0,1,0,0,0,0,0,0,1,2,0,0.017565083
38.72,9,17.424,365.904,348.48,4.761904762,17.424,4.2,1,0,0,0,0,1,1,0,1,0,0,0,0,0,0,1,0,0,1,2,0,-0.010713516
53.72,1,2.686,56.406,53.72,4.761904762,2.686,6.4,0,1,0,1,0,0,1,0,0,1,0,0,1,0,0,0,0,0,1,4,0,0.015011977
19.79,8,7.916,166.236,158.32,4.761904762,7.916,8.7,0,1,0,1,0,0,0,1,0,1,0,0,1,0,0,0,0,0,1,4,1,0.992721942
33.64,8,13.456,282.576,269.12,4.761904762,13.456,9.3,0,0,1,0,1,0,0,1,0,1,0,0,0,1,0,0,0,1,0,4,1,1.003587503
59.77,2,5.977,125.517,119.54,4.761904762,5.977,5.8,1,0,0,0,0,1,0,1,0,1,0,0,0,1,0,0,0,1,0,0,0,0.011711188
14.36,10,7.18,150.78,143.6,4.761904762,7.18,5.4,0,0,1,0,1,0,0,1,1,0,0,0,0,0,0,1,1,0,0,6,0,0.003209113
29.56,5,7.39,155.19,147.8,4.761904762,7.39,6.9,0,1,0,1,0,0,1,0,1,0,0,1,0,0,0,0,1,0,0,2,0,0.022829615
33.21,10,16.605,348.705,332.1,4.761904762,16.605,6,0,1,0,1,0,0,1,0,1,0,0,0,1,0,0,0,0,0,1,1,0,0.012482972
83.77,2,8.377,175.917,167.54,4.761904762,8.377,7,1,0,0,0,0,1,1,0,0,1,0,0,1,0,0,0,0,1,0,1,0,0.024936712
83.06,7,29.071,610.491,581.42,4.761904762,29.071,4,0,0,1,0,1,0,0,1,1,0,0,0,0,0,0,1,0,0,1,1,0,-0.01192786
29.15,3,4.3725,91.8225,87.45,4.761904762,4.3725,7.3,0,1,0,1,0,0,1,0,1,0,0,0,1,0,0,0,0,1,0,2,1,0.979673683
26.43,8,10.572,222.012,211.44,4.761904762,10.572,8.9,0,1,0,1,0,0,0,1,1,0,0,0,1,0,0,0,0,0,1,6,1,0.996982299
18.33,1,0.9165,19.2465,18.33,4.761904762,0.9165,4.3,1,0,0,0,0,1,1,0,1,0,0,0,0,1,0,0,1,0,0,5,0,-0.005911129
34.31,8,13.724,288.204,274.48,4.761904762,13.724,5.7,0,0,1,0,1,0,0,1,0,1,0,0,0,1,0,0,0,0,1,4,0,0.008771777
65.18,3,9.777,205.317,195.54,4.761904762,9.777,6.3,1,0,0,0,0,1,0,1,0,1,0,0,0,1,0,0,0,1,0,0,0,0.017817617
93.72,6,28.116,590.436,562.32,4.761904762,28.116,4.5,0,1,0,1,0,0,1,0,1,0,0,0,0,0,0,1,1,0,0,1,0,-0.006378124
34.21,10,17.105,359.205,342.1,4.761904762,17.105,5.1,0,1,0,1,0,0,0,1,1,0,0,0,0,1,0,0,1,0,0,2,0,0.003378315
85.39,7,29.8865,627.6165,597.73,4.761904762,29.8865,4.1,0,0,1,0,1,0,0,1,0,1,1,0,0,0,0,0,0,0,1,0,0,-0.010802526
56.47,8,22.588,474.348,451.76,4.761904762,22.588,7.3,0,1,0,1,0,0,1,0,1,0,0,1,0,0,0,0,0,0,1,5,1,0.977971557
60.88,9,27.396,575.316,547.92,4.761904762,27.396,4.7,1,0,0,0,0,1,0,1,1,0,1,0,0,0,0,0,0,0,1,1,0,-0.00227254
30.12,8,12.048,253.008,240.96,4.761904762,12.048,7.7,0,1,0,1,0,0,1,0,0,1,0,0,0,0,1,0,1,0,0,6,1,0.981919705
78.13,10,39.065,820.365,781.3,4.761904762,39.065,4.4,0,0,1,0,1,0,1,0,1,0,1,0,0,0,0,0,1,0,0,6,0,-0.005118425
18.93,6,5.679,119.259,113.58,4.761904762,5.679,8.1,0,1,0,1,0,0,1,0,0,1,1,0,0,0,0,0,0,1,0,6,1,0.985834479
64.08,7,22.428,470.988,448.56,4.761904762,22.428,7.3,0,1,0,1,0,0,1,0,1,0,0,0,0,0,0,1,0,1,0,1,1,0.977928703
75.74,4,15.148,318.108,302.96,4.761904762,15.148,7.6,0,1,0,1,0,0,1,0,0,1,0,0,0,1,0,0,1,0,0,3,1,0.982032395
31.67,8,12.668,266.028,253.36,4.761904762,12.668,5.6,0,0,1,0,1,0,1,0,1,0,0,0,0,0,0,1,0,1,0,2,0,0.00726558
82.7,6,24.81,521.01,496.2,4.761904762,24.81,7.4,0,1,0,1,0,0,0,1,0,1,0,0,0,0,1,0,1,0,0,1,1,0.97986423
13.78,4,2.756,57.876,55.12,4.761904762,2.756,9,0,1,0,1,0,0,0,1,1,0,1,0,0,0,0,0,0,0,1,3,1,0.997395832
76.06,3,11.409,239.589,228.18,4.761904762,11.409,9.8,0,0,1,0,1,0,0,1,1,0,0,1,0,0,0,0,0,1,0,5,1,1.009915715
75.91,6,22.773,478.233,455.46,4.761904762,22.773,8.7,0,0,1,0,1,0,0,1,1,0,1,0,0,0,0,0,1,0,0,5,1,0.996160159
10.59,3,1.5885,33.3585,31.77,4.761904762,1.5885,8.7,0,1,0,1,0,0,1,0,1,0,1,0,0,0,0,0,0,1,0,1,1,0.995352232
46.2,1,2.31,48.51,46.2,4.761904762,2.31,6.3,0,0,1,0,1,0,0,1,1,0,1,0,0,0,0,0,1,0,0,1,0,0.016579988
13.79,5,3.4475,72.3975,68.95,4.761904762,3.4475,7.8,1,0,0,0,0,1,0,1,0,1,0,0,1,0,0,0,0,1,0,4,1,0.984212295
86.31,7,30.2085,634.3785,604.17,4.761904762,30.2085,5.3,1,0,0,0,0,1,0,1,0,1,0,0,0,0,0,1,0,0,1,4,0,0.001372849
72.5,8,29,609,580,4.761904762,29,9.2,1,0,0,0,0,1,0,1,0,1,0,0,0,0,0,1,0,0,1,5,1,0.998108791
79.93,6,23.979,503.559,479.58,4.761904762,23.979,5.5,0,1,0,1,0,0,1,0,0,1,0,0,0,0,0,1,1,0,0,3,0,0.003199533
19.24,9,8.658,181.818,173.16,4.761904762,8.658,8,0,1,0,1,0,0,1,0,0,1,1,0,0,0,0,0,1,0,0,0,1,0.984249496
32.9,3,4.935,103.635,98.7,4.761904762,4.935,9.1,1,0,0,0,0,1,0,1,0,1,0,0,1,0,0,0,0,1,0,6,1,0.999791228
84.09,9,37.8405,794.6505,756.81,4.761904762,37.8405,8,0,1,0,1,0,0,0,1,1,0,0,0,0,1,0,0,1,0,0,0,1,0.990020399
98.21,3,14.7315,309.3615,294.63,4.761904762,14.7315,7.8,0,0,1,0,1,0,1,0,1,0,0,0,0,1,0,0,0,1,0,1,1,0.988333409
12.73,2,1.273,26.733,25.46,4.761904762,1.273,5.2,0,0,1,0,1,0,1,0,1,0,0,0,0,0,1,0,0,1,0,4,0,0.005320451
87.8,9,39.51,829.71,790.2,4.761904762,39.51,9.2,0,0,1,0,1,0,0,1,1,0,0,0,1,0,0,0,1,0,0,5,1,1.003814383
51.34,8,20.536,431.256,410.72,4.761904762,20.536,7.6,1,0,0,0,0,1,1,0,0,1,0,1,0,0,0,0,0,0,1,3,1,0.980521921
15.62,8,6.248,131.208,124.96,4.761904762,6.248,9.1,0,0,1,0,1,0,0,1,0,1,0,1,0,0,0,0,0,0,1,6,1,0.997401039
87.45,6,26.235,550.935,524.7,4.761904762,26.235,8.8,0,1,0,1,0,0,1,0,0,1,1,0,0,0,0,0,0,1,0,6,1,0.995460595
67.26,4,13.452,282.492,269.04,4.761904762,13.452,8,1,0,0,0,0,1,1,0,0,1,0,0,0,0,0,1,0,1,0,5,1,0.984529035
68.71,3,10.3065,216.4365,206.13,4.761904762,10.3065,8.7,1,0,0,0,0,1,0,1,1,0,0,0,0,1,0,0,1,0,0,0,1,0.99799828
35.79,9,16.1055,338.2155,322.11,4.761904762,16.1055,5.1,0,0,1,0,1,0,1,0,1,0,0,0,0,0,1,0,0,1,0,6,0,0.004248931
99.55,7,34.8425,731.6925,696.85,4.761904762,34.8425,7.6,1,0,0,0,0,1,0,1,0,1,1,0,0,0,0,0,1,0,0,3,1,0.98191429
85.87,7,30.0545,631.1445,601.09,4.761904762,30.0545,8,0,0,1,0,1,0,1,0,1,0,0,0,0,1,0,0,0,1,0,2,1,0.991218632
21.87,2,2.187,45.927,43.74,4.761904762,2.187,6.9,0,1,0,1,0,0,0,1,0,1,0,0,0,0,0,1,0,0,1,4,0,0.018320215
46.57,10,23.285,488.985,465.7,4.761904762,23.285,7.6,0,0,1,0,1,0,1,0,1,0,1,0,0,0,0,0,1,0,0,6,1,0.982550853
67.1,3,10.065,211.365,201.3,4.761904762,10.065,7.5,1,0,0,0,0,1,0,1,1,0,0,0,1,0,0,0,1,0,0,4,1,0.982261181
35.74,8,14.296,300.216,285.92,4.761904762,14.296,4.9,0,1,0,1,0,0,1,0,1,0,1,0,0,0,0,0,0,0,1,6,0,-0.001975186
69.74,10,34.87,732.27,697.4,4.761904762,34.87,8.9,0,1,0,1,0,0,0,1,0,1,0,0,0,0,0,1,0,1,0,1,1,0.995688951
78.38,6,23.514,493.794,470.28,4.761904762,23.514,5.8,1,0,0,0,0,1,1,0,0,1,0,0,0,0,1,0,0,0,1,3,0,0.010199089
72.04,2,7.204,151.284,144.08,4.761904762,7.204,9.5,0,1,0,1,0,0,1,0,1,0,0,1,0,0,0,0,1,0,0,0,1,1.004776028
76.4,9,34.38,721.98,687.6,4.761904762,34.38,7.5,1,0,0,0,0,1,0,1,0,1,0,1,0,0,0,0,0,0,1,1,1,0.980370704
30.37,3,4.5555,95.6655,91.11,4.761904762,4.5555,5.1,0,1,0,1,0,0,0,1,1,0,0,1,0,0,0,0,0,0,1,3,0,0.000823732
70.99,10,35.495,745.395,709.9,4.761904762,35.495,5.7,0,0,1,0,1,0,1,0,0,1,0,1,0,0,0,0,1,0,0,2,0,0.008843522
58.76,10,29.38,616.98,587.6,4.761904762,29.38,9,0,0,1,0,1,0,0,1,0,1,1,0,0,0,0,0,0,0,1,1,1,0.997715182
89.48,10,44.74,939.54,894.8,4.761904762,44.74,9.6,0,0,1,0,1,0,0,1,0,1,0,0,1,0,0,0,0,1,0,6,1,1.007695829
41.65,10,20.825,437.325,416.5,4.761904762,20.825,5.4,0,0,1,0,1,0,0,1,1,0,1,0,0,0,0,0,0,1,0,6,0,0.006612295
97.48,9,43.866,921.186,877.32,4.761904762,43.866,7.4,1,0,0,0,0,1,1,0,1,0,0,0,0,0,0,1,0,0,1,3,1,0.979493314
55.87,10,27.935,586.635,558.7,4.761904762,27.935,5.8,0,0,1,0,1,0,0,1,0,1,1,0,0,0,0,0,1,0,0,1,0,0.009520195
65.94,4,13.188,276.948,263.76,4.761904762,13.188,6,1,0,0,0,0,1,1,0,0,1,0,0,0,0,1,0,1,0,0,6,0,0.01238714
47.97,7,16.7895,352.5795,335.79,4.761904762,16.7895,6.2,0,1,0,1,0,0,0,1,0,1,0,1,0,0,0,0,1,0,0,0,0,0.013267643
62.18,10,31.09,652.89,621.8,4.761904762,31.09,6,0,0,1,0,1,0,0,1,1,0,0,1,0,0,0,0,0,0,1,3,0,0.013483721
42.42,8,16.968,356.328,339.36,4.761904762,16.968,5.7,0,1,0,1,0,0,0,1,1,0,1,0,0,0,0,0,0,0,1,2,0,0.00817665
80.97,8,32.388,680.148,647.76,4.761904762,32.388,9.3,0,0,1,0,1,0,0,1,1,0,0,0,0,0,0,1,1,0,0,0,1,1.002505292
39.62,7,13.867,291.207,277.34,4.761904762,13.867,7.5,0,1,0,1,0,0,0,1,1,0,0,1,0,0,0,0,1,0,0,4,1,0.98062186
90.22,3,13.533,284.193,270.66,4.761904762,13.533,6.2,0,0,1,0,1,0,0,1,0,1,0,1,0,0,0,0,1,0,0,0,0,0.014329494
60.3,4,12.06,253.26,241.2,4.761904762,12.06,5.8,0,1,0,1,0,0,0,1,0,1,0,0,1,0,0,0,1,0,0,2,0,0.008992802
21.8,8,8.72,183.12,174.4,4.761904762,8.72,8.3,0,0,1,0,1,0,0,1,0,1,0,0,0,1,0,0,1,0,0,1,1,0.990785277
45.35,6,13.605,285.705,272.1,4.761904762,13.605,6.1,0,1,0,1,0,0,0,1,0,1,1,0,0,0,0,0,0,0,1,3,0,0.010923651
39.9,10,19.95,418.95,399,4.761904762,19.95,5.9,0,1,0,1,0,0,0,1,0,1,0,0,1,0,0,0,0,1,0,2,0,0.011007579
54.27,5,13.5675,284.9175,271.35,4.761904762,13.5675,4.6,1,0,0,0,0,1,0,1,1,0,0,0,1,0,0,0,0,0,1,2,0,-0.003139326
81.3,6,24.39,512.19,487.8,4.761904762,24.39,5.3,0,0,1,0,1,0,0,1,1,0,0,0,0,1,0,0,0,0,1,4,0,0.006745826
63.69,1,3.1845,66.8745,63.69,4.761904762,3.1845,6,1,0,0,0,0,1,0,1,0,1,0,0,0,0,0,1,1,0,0,0,0,0.009482586
91.3,1,4.565,95.865,91.3,4.761904762,4.565,9.2,1,0,0,0,0,1,1,0,0,1,0,0,0,1,0,0,0,0,1,3,1,1.00097888
71.39,5,17.8475,374.7975,356.95,4.761904762,17.8475,5.5,0,0,1,0,1,0,1,0,1,0,0,0,1,0,0,0,0,1,0,6,0,0.008904938
16.37,6,4.911,103.131,98.22,4.761904762,4.911,7,0,1,0,1,0,0,0,1,1,0,0,0,0,0,1,0,1,0,0,4,0,0.024955336
93.69,7,32.7915,688.6215,655.83,4.761904762,32.7915,4.5,1,0,0,0,0,1,0,1,1,0,0,0,0,0,1,0,0,1,0,6,0,-0.001688428
25.51,4,5.102,107.142,102.04,4.761904762,5.102,6.8,0,1,0,1,0,0,1,0,0,1,1,0,0,0,0,0,1,0,0,5,0,0.019191668
17.48,6,5.244,110.124,104.88,4.761904762,5.244,6.1,0,1,0,1,0,0,1,0,1,0,0,1,0,0,0,0,0,1,0,4,0,0.013755489
86.69,5,21.6725,455.1225,433.45,4.761904762,21.6725,9.4,0,0,1,0,1,0,1,0,0,1,0,0,0,0,1,0,0,0,1,0,1,1.003959251
25.42,8,10.168,213.528,203.36,4.761904762,10.168,6.7,0,1,0,1,0,0,1,0,0,1,0,1,0,0,0,0,0,1,0,1,0,0.019416315
95.54,4,19.108,401.268,382.16,4.761904762,19.108,4.5,0,1,0,1,0,0,1,0,1,0,0,0,0,0,0,1,0,0,1,1,0,-0.007306115
70.01,5,17.5025,367.5525,350.05,4.761904762,17.5025,5.5,1,0,0,0,0,1,0,1,0,1,0,0,0,1,0,0,0,0,1,3,0,0.006896124
97.61,6,29.283,614.943,585.66,4.761904762,29.283,9.9,0,1,0,1,0,0,1,0,1,0,0,1,0,0,0,0,0,0,1,0,1,1.010014748
48.96,9,22.032,462.672,440.64,4.761904762,22.032,8,1,0,0,0,0,1,1,0,1,0,0,1,0,0,0,0,1,0,0,0,1,0.988012506
99.79,2,9.979,209.559,199.58,4.761904762,9.979,8,0,0,1,0,1,0,0,1,0,1,0,0,1,0,0,0,0,0,1,3,1,0.986046407
83.25,10,41.625,874.125,832.5,4.761904762,41.625,4.4,0,1,0,1,0,0,0,1,1,0,0,1,0,0,0,0,0,1,0,5,0,-0.00460179
23.75,9,10.6875,224.4375,213.75,4.761904762,10.6875,9.5,0,0,1,0,1,0,0,1,1,0,0,0,0,0,0,1,1,0,0,3,1,1.003170051
89.69,1,4.4845,94.1745,89.69,4.761904762,4.4845,4.9,1,0,0,0,0,1,0,1,0,1,0,1,0,0,0,0,0,0,1,4,0,-0.002551692
92.49,5,23.1225,485.5725,462.45,4.761904762,23.1225,8.6,0,0,1,0,1,0,1,0,1,0,0,1,0,0,0,0,0,1,0,5,1,0.996084754
87.87,10,43.935,922.635,878.7,4.761904762,43.935,5.1,0,1,0,1,0,0,0,1,0,1,0,0,0,1,0,0,0,0,1,4,0,0.002421379
22.02,9,9.909,208.089,198.18,4.761904762,9.909,6.8,0,1,0,1,0,0,0,1,0,1,0,0,0,0,1,0,1,0,0,3,0,0.020814029
46.95,5,11.7375,246.4875,234.75,4.761904762,11.7375,7.1,1,0,0,0,0,1,0,1,1,0,1,0,0,0,0,0,0,0,1,1,1,0.976226598
53.3,3,7.995,167.895,159.9,4.761904762,7.995,7.5,1,0,0,0,0,1,1,0,0,1,0,0,0,0,1,0,0,0,1,4,1,0.980182725
93.22,3,13.983,293.643,279.66,4.761904762,13.983,7.2,0,1,0,1,0,0,1,0,0,1,0,1,0,0,0,0,1,0,0,3,1,0.975529389
44.59,5,11.1475,234.0975,222.95,4.761904762,11.1475,8.5,1,0,0,0,0,1,1,0,1,0,0,0,1,0,0,0,1,0,0,6,1,0.99379781
26.23,9,11.8035,247.8735,236.07,4.761904762,11.8035,5.9,1,0,0,0,0,1,0,1,0,1,1,0,0,0,0,0,0,0,1,4,0,0.008883222
73.82,4,14.764,310.044,295.28,4.761904762,14.764,6.7,0,1,0,1,0,0,1,0,0,1,0,1,0,0,0,0,1,0,0,3,0,0.019010023
31.77,4,6.354,133.434,127.08,4.761904762,6.354,6.2,0,0,1,0,1,0,0,1,0,1,0,0,1,0,0,0,0,0,1,0,0,0.013943124
65.74,9,29.583,621.243,591.66,4.761904762,29.583,7.7,1,0,0,0,0,1,0,1,1,0,0,1,0,0,0,0,1,0,0,1,1,0.984898057
35.68,5,8.92,187.32,178.4,4.761904762,8.92,6.6,1,0,0,0,0,1,0,1,1,0,0,0,0,1,0,0,0,1,0,2,0,0.022869742
83.24,9,37.458,786.618,749.16,4.761904762,37.458,7.4,1,0,0,0,0,1,0,1,0,1,0,1,0,0,0,0,0,1,0,1,1,0.980784673
24.74,3,3.711,77.931,74.22,4.761904762,3.711,10,0,0,1,0,1,0,1,0,1,0,0,0,0,0,0,1,0,1,0,4,1,1.009918198
90.24,6,27.072,568.512,541.44,4.761904762,27.072,6.2,0,0,1,0,1,0,0,1,1,0,0,0,1,0,0,0,1,0,0,6,0,0.0169483
23.34,4,4.668,98.028,93.36,4.761904762,4.668,7.4,0,1,0,1,0,0,1,0,0,1,0,0,1,0,0,0,0,0,1,0,1,0.977669199
21.58,1,1.079,22.659,21.58,4.761904762,1.079,7.2,0,0,1,0,1,0,0,1,0,1,0,0,1,0,0,0,0,0,1,5,1,0.975852618
55.97,7,19.5895,411.3795,391.79,4.761904762,19.5895,8.9,0,1,0,1,0,0,1,0,1,0,0,0,0,1,0,0,0,0,1,1,1,0.999065377
49.1,2,4.91,103.11,98.2,4.761904762,4.91,6.4,0,1,0,1,0,0,1,0,1,0,0,0,0,0,1,0,0,1,0,1,0,0.019224988
40.73,7,14.2555,299.3655,285.11,4.761904762,14.2555,5.4,0,1,0,1,0,0,1,0,1,0,0,0,0,0,1,0,0,0,1,1,0,0.006030598
46.77,6,14.031,294.651,280.62,4.761904762,14.031,6,0,0,1,0,1,0,0,1,0,1,0,0,1,0,0,0,1,0,0,0,0,0.012408024
12.45,6,3.735,78.435,74.7,4.761904762,3.735,4.1,0,0,1,0,1,0,0,1,1,0,1,0,0,0,0,0,1,0,0,5,0,-0.010364703
60.41,8,24.164,507.444,483.28,4.761904762,24.164,9.6,0,0,1,0,1,0,0,1,1,0,0,1,0,0,0,0,0,0,1,3,1,1.006649446
66.52,4,13.304,279.384,266.08,4.761904762,13.304,6.9,1,0,0,0,0,1,0,1,0,1,0,0,1,0,0,0,0,0,1,5,0,0.02217026
34.56,7,12.096,254.016,241.92,4.761904762,12.096,7.3,0,0,1,0,1,0,1,0,0,1,0,0,0,0,0,1,0,1,0,0,1,0.976384017
94.47,8,37.788,793.548,755.76,4.761904762,37.788,9.1,0,0,1,0,1,0,0,1,1,0,0,0,1,0,0,0,1,0,0,2,1,1.002882322
35.89,1,1.7945,37.6845,35.89,4.761904762,1.7945,7.9,0,0,1,0,1,0,0,1,0,1,0,0,1,0,0,0,0,1,0,5,1,0.985654923
27.85,7,9.7475,204.6975,194.95,4.761904762,9.7475,6,0,0,1,0,1,0,0,1,0,1,1,0,0,0,0,0,0,0,1,3,0,0.01030575
52.79,10,26.395,554.295,527.9,4.761904762,26.395,10,0,1,0,1,0,0,0,1,1,0,1,0,0,0,0,0,0,0,1,0,1,1.010530738
70.11,6,21.033,441.693,420.66,4.761904762,21.033,5.2,0,0,1,0,1,0,0,1,1,0,0,0,0,0,1,0,0,0,1,3,0,0.004961657
68.6,10,34.3,720.3,686,4.761904762,34.3,9.1,0,0,1,0,1,0,1,0,1,0,0,0,0,1,0,0,1,0,0,1,1,1.003547837
98.66,9,44.397,932.337,887.94,4.761904762,44.397,8.4,1,0,0,0,0,1,1,0,1,0,0,0,1,0,0,0,1,0,0,1,1,0.994783042
98.4,7,34.44,723.24,688.8,4.761904762,34.44,8.7,1,0,0,0,0,1,1,0,1,0,0,0,0,0,0,1,0,1,0,1,1,0.996176497
27.93,5,6.9825,146.6325,139.65,4.761904762,6.9825,5.9,1,0,0,0,0,1,1,0,1,0,0,0,0,0,0,1,1,0,0,1,0,0.009888658
78.77,10,39.385,827.085,787.7,4.761904762,39.385,6.4,1,0,0,0,0,1,0,1,0,1,0,0,0,0,0,1,1,0,0,3,0,0.015422951
66.06,6,19.818,416.178,396.36,4.761904762,19.818,7.3,1,0,0,0,0,1,0,1,1,0,1,0,0,0,0,0,1,0,0,2,1,0.979479802
76.52,5,19.13,401.73,382.6,4.761904762,19.13,9.9,0,0,1,0,1,0,0,1,0,1,0,1,0,0,0,0,1,0,0,0,1,1.009107714
94.49,8,37.796,793.716,755.92,4.761904762,37.796,7.5,0,1,0,1,0,0,1,0,1,0,0,0,0,0,1,0,0,0,1,6,1,0.982490857
40.94,5,10.235,214.935,204.7,4.761904762,10.235,9.9,1,0,0,0,0,1,0,1,1,0,0,0,1,0,0,0,0,0,1,6,1,1.00995996
55.81,6,16.743,351.603,334.86,4.761904762,16.743,9.9,0,1,0,1,0,0,0,1,1,0,0,0,0,1,0,0,1,0,0,1,1,1.011523391
51.28,6,15.384,323.064,307.68,4.761904762,15.384,6.5,1,0,0,0,0,1,0,1,0,1,0,0,1,0,0,0,1,0,0,5,0,0.017900223
33.88,8,13.552,284.592,271.04,4.761904762,13.552,9.6,1,0,0,0,0,1,0,1,0,1,0,0,1,0,0,0,0,0,1,5,1,1.004520792
83.08,1,4.154,87.234,83.08,4.761904762,4.154,6.4,0,0,1,0,1,0,0,1,0,1,1,0,0,0,0,0,0,0,1,2,0,0.015356686
74.86,1,3.743,78.603,74.86,4.761904762,3.743,6.9,0,0,1,0,1,0,1,0,0,1,0,0,0,0,1,0,1,0,0,6,0,0.022882543
25.55,4,5.11,107.31,102.2,4.761904762,5.11,5.7,0,1,0,1,0,0,0,1,0,1,0,0,0,0,1,0,0,0,1,5,0,0.007118577
67.09,5,16.7725,352.2225,335.45,4.761904762,16.7725,9.1,1,0,0,0,0,1,0,1,1,0,0,0,0,0,1,0,0,1,0,3,1,1.003103852
72.13,10,36.065,757.365,721.3,4.761904762,36.065,4.2,0,1,0,1,0,0,0,1,0,1,1,0,0,0,0,0,0,1,0,3,0,-0.009261856
15.69,3,2.3535,49.4235,47.07,4.761904762,2.3535,5.8,1,0,0,0,0,1,0,1,1,0,1,0,0,0,0,0,0,1,0,3,0,0.011036178
32.71,5,8.1775,171.7275,163.55,4.761904762,8.1775,9.9,1,0,0,0,0,1,0,1,0,1,1,0,0,0,0,0,0,1,0,1,1,1.008888754
47.59,8,19.036,399.756,380.72,4.761904762,19.036,5.7,1,0,0,0,0,1,1,0,0,1,0,0,0,0,1,0,1,0,0,1,0,0.009280024
24.74,10,12.37,259.77,247.4,4.761904762,12.37,7.1,0,0,1,0,1,0,0,1,0,1,1,0,0,0,0,0,1,0,0,6,1,0.974099269
56.11,2,5.611,117.831,112.22,4.761904762,5.611,6.3,0,0,1,0,1,0,1,0,0,1,0,0,0,0,1,0,1,0,0,5,0,0.015849206
16.48,6,4.944,103.824,98.88,4.761904762,4.944,9.9,0,0,1,0,1,0,0,1,1,0,0,0,1,0,0,0,0,0,1,3,1,1.009906144
14.39,2,1.439,30.219,28.78,4.761904762,1.439,7.2,0,0,1,0,1,0,0,1,1,0,0,0,0,0,0,1,0,1,0,5,1,0.97648708
96.52,6,28.956,608.076,579.12,4.761904762,28.956,4.5,1,0,0,0,0,1,0,1,1,0,0,0,0,0,1,0,1,0,0,4,0,-0.002519761
78.55,9,35.3475,742.2975,706.95,4.761904762,35.3475,7.2,0,0,1,0,1,0,0,1,0,1,0,1,0,0,0,0,1,0,0,4,1,0.977214892
97.38,10,48.69,1022.49,973.8,4.761904762,48.69,4.4,0,1,0,1,0,0,0,1,1,0,0,0,0,0,1,0,0,0,1,5,0,-0.004295674
45.58,7,15.953,335.013,319.06,4.761904762,15.953,5,1,0,0,0,0,1,0,1,0,1,0,0,0,0,0,1,1,0,0,6,0,-0.002729636
73.98,7,25.893,543.753,517.86,4.761904762,25.893,4.1,0,0,1,0,1,0,0,1,1,0,0,0,0,0,0,1,0,0,1,5,0,-0.011303785
77.68,4,15.536,326.256,310.72,4.761904762,15.536,8.4,1,0,0,0,0,1,1,0,1,0,0,0,0,1,0,0,1,0,0,4,1,0.994208579
25.32,8,10.128,212.688,202.56,4.761904762,10.128,8.7,0,1,0,1,0,0,1,0,1,0,0,0,0,1,0,0,0,0,1,1,1,0.996002765
84.87,3,12.7305,267.3405,254.61,4.761904762,12.7305,7.4,0,0,1,0,1,0,1,0,1,0,0,1,0,0,0,0,0,0,1,4,1,0.97999454
96.82,3,14.523,304.983,290.46,4.761904762,14.523,6.7,0,0,1,0,1,0,1,0,0,1,1,0,0,0,0,0,1,0,0,5,0,0.01958708
17.41,5,4.3525,91.4025,87.05,4.761904762,4.3525,4.9,0,0,1,0,1,0,0,1,0,1,0,0,0,1,0,0,0,1,0,0,0,0.000702997
17.63,5,4.4075,92.5575,88.15,4.761904762,4.4075,8.5,0,1,0,1,0,0,1,0,1,0,0,0,1,0,0,0,1,0,0,4,1,0.992745966
26.61,2,2.661,55.881,53.22,4.761904762,2.661,4.2,0,0,1,0,1,0,0,1,1,0,1,0,0,0,0,0,1,0,0,1,0,-0.008515016
70.19,9,31.5855,663.2955,631.71,4.761904762,31.5855,6.7,0,0,1,0,1,0,1,0,1,0,0,0,0,0,0,1,1,0,0,4,0,0.020412108
92.29,5,23.0725,484.5225,461.45,4.761904762,23.0725,9,1,0,0,0,0,1,1,0,0,1,0,0,1,0,0,0,0,1,0,2,1,0.999842924
28.45,5,7.1125,149.3625,142.25,4.761904762,7.1125,9.1,1,0,0,0,0,1,1,0,1,0,1,0,0,0,0,0,0,1,0,3,1,1.000917542
89.21,9,40.1445,843.0345,802.89,4.761904762,40.1445,6.5,1,0,0,0,0,1,1,0,1,0,0,0,0,0,1,0,0,1,0,1,0,0.022802607
60.08,7,21.028,441.588,420.56,4.761904762,21.028,4.5,0,1,0,1,0,0,1,0,1,0,0,0,0,0,0,1,0,1,0,3,0,-0.006228384
12.34,7,4.319,90.699,86.38,4.761904762,4.319,6.7,1,0,0,0,0,1,0,1,1,0,0,0,0,0,0,1,0,1,0,0,0,0.020120063
93.39,6,28.017,588.357,560.34,4.761904762,28.017,10,0,1,0,1,0,0,0,1,0,1,0,0,0,0,0,1,0,0,1,2,1,1.007223537
30.62,1,1.531,32.151,30.62,4.761904762,1.531,4.1,1,0,0,0,0,1,1,0,1,0,0,1,0,0,0,0,0,1,0,1,0,-0.008773231
12.19,8,4.876,102.396,97.52,4.761904762,4.876,6.8,0,0,1,0,1,0,0,1,1,0,0,1,0,0,0,0,0,0,1,2,0,0.021654179
81.4,3,12.21,256.41,244.2,4.761904762,12.21,4.8,0,1,0,1,0,0,1,0,1,0,1,0,0,0,0,0,1,0,0,5,0,-0.002208396
18.28,1,0.914,19.194,18.28,4.761904762,0.914,8.3,1,0,0,0,0,1,0,1,0,1,0,0,0,0,1,0,0,1,0,4,1,0.990944784
38.42,1,1.921,40.341,38.42,4.761904762,1.921,8.6,0,0,1,0,1,0,1,0,1,0,0,0,1,0,0,0,1,0,0,5,1,0.994951403
93.12,8,37.248,782.208,744.96,4.761904762,37.248,6.8,1,0,0,0,0,1,0,1,1,0,0,0,0,0,1,0,1,0,0,3,0,0.025317862
41.09,10,20.545,431.445,410.9,4.761904762,20.545,7.3,0,1,0,1,0,0,0,1,1,0,0,1,0,0,0,0,1,0,0,3,1,0.978479986
17.97,4,3.594,75.474,71.88,4.761904762,3.594,6.4,0,1,0,1,0,0,0,1,1,0,0,0,0,1,0,0,0,0,1,5,0,0.017736342
57.49,4,11.498,241.458,229.96,4.761904762,11.498,6.6,0,1,0,1,0,0,1,0,1,0,1,0,0,0,0,0,1,0,0,4,0,0.019198017
49.33,10,24.665,517.965,493.3,4.761904762,24.665,9.4,0,0,1,0,1,0,0,1,1,0,0,0,0,0,0,1,0,1,0,6,1,1.003350177
78.89,7,27.6115,579.8415,552.23,4.761904762,27.6115,7.5,0,0,1,0,1,0,0,1,1,0,0,0,0,1,0,0,0,0,1,5,1,0.983499399
40.52,5,10.13,212.73,202.6,4.761904762,10.13,4.5,0,0,1,0,1,0,0,1,0,1,0,0,1,0,0,0,1,0,0,6,0,-0.006175564
43.25,2,4.325,90.825,86.5,4.761904762,4.325,6.2,1,0,0,0,0,1,0,1,0,1,0,0,1,0,0,0,1,0,0,2,0,0.014268787
99.25,2,9.925,208.425,198.5,4.761904762,9.925,9,0,1,0,1,0,0,0,1,0,1,0,1,0,0,0,0,1,0,0,2,1,0.996992354
87.1,10,43.55,914.55,871,4.761904762,43.55,9.9,0,0,1,0,1,0,1,0,1,0,0,0,1,0,0,0,0,1,0,1,1,1.013471952
74.07,1,3.7035,77.7735,74.07,4.761904762,3.7035,9.9,1,0,0,0,0,1,0,1,0,1,0,0,0,0,1,0,0,0,1,6,1,1.008594975
58.32,2,5.832,122.472,116.64,4.761904762,5.832,6,0,0,1,0,1,0,0,1,1,0,0,0,0,1,0,0,0,0,1,3,0,0.014379661
93.38,1,4.669,98.049,93.38,4.761904762,4.669,9.6,0,1,0,1,0,0,0,1,0,1,0,0,0,0,0,1,1,0,0,3,1,1.001906259
18.11,10,9.055,190.155,181.1,4.761904762,9.055,5.9,0,1,0,1,0,0,0,1,0,1,0,0,0,1,0,0,0,0,1,2,0,0.009967708
42.57,7,14.8995,312.8895,297.99,4.761904762,14.8995,6.8,1,0,0,0,0,1,0,1,1,0,0,1,0,0,0,0,1,0,0,6,0,0.022456558
33.99,6,10.197,214.137,203.94,4.761904762,10.197,7.7,1,0,0,0,0,1,0,1,0,1,0,0,0,0,1,0,0,1,0,4,1,0.98393104
81.95,10,40.975,860.475,819.5,4.761904762,40.975,6,0,0,1,0,1,0,1,0,0,1,0,0,0,1,0,0,0,1,0,6,0,0.015012761
58.15,4,11.63,244.23,232.6,4.761904762,11.63,8.4,1,0,0,0,0,1,0,1,0,1,0,0,0,1,0,0,1,0,0,2,1,0.992334572
45.44,7,15.904,333.984,318.08,4.761904762,15.904,9.2,0,0,1,0,1,0,0,1,1,0,0,1,0,0,0,0,1,0,0,2,1,1.002096016
93.87,8,37.548,788.508,750.96,4.761904762,37.548,8.3,0,1,0,1,0,0,0,1,0,1,0,0,0,0,1,0,0,1,0,5,1,0.99170152
10.99,5,2.7475,57.6975,54.95,4.761904762,2.7475,9.3,0,0,1,0,1,0,0,1,1,0,0,0,0,1,0,0,0,1,0,2,1,1.00526595
22.17,8,8.868,186.228,177.36,4.761904762,8.868,9.6,1,0,0,0,0,1,1,0,0,1,0,0,1,0,0,0,0,1,0,6,1,1.005467843
18.85,10,9.425,197.925,188.5,4.761904762,9.425,5.6,1,0,0,0,0,1,1,0,0,1,0,0,1,0,0,0,0,0,1,2,0,0.00609546
15.49,2,1.549,32.529,30.98,4.761904762,1.549,6.3,0,0,1,0,1,0,1,0,1,0,0,0,0,0,0,1,1,0,0,2,0,0.014578347
75.59,9,34.0155,714.3255,680.31,4.761904762,34.0155,8,0,1,0,1,0,0,1,0,1,0,1,0,0,0,0,0,1,0,0,5,1,0.987263708
97.22,9,43.749,918.729,874.98,4.761904762,43.749,6,0,1,0,1,0,0,1,0,0,1,0,0,0,1,0,0,0,0,1,5,0,0.013049936
52.42,3,7.863,165.123,157.26,4.761904762,7.863,7.5,0,1,0,1,0,0,0,1,0,1,0,1,0,0,0,0,0,0,1,2,1,0.978346786
63.91,8,25.564,536.844,511.28,4.761904762,25.564,4.6,0,0,1,0,1,0,1,0,0,1,0,0,0,0,1,0,0,1,0,2,0,-0.002557588
64.95,10,32.475,681.975,649.5,4.761904762,32.475,5.2,0,0,1,0,1,0,0,1,0,1,1,0,0,0,0,0,1,0,0,6,0,0.002191163
10.75,8,4.3,90.3,86,4.761904762,4.3,6.2,0,1,0,1,0,0,0,1,0,1,0,0,0,1,0,0,0,0,1,4,0,0.013238866
19.25,8,7.7,161.7,154,4.761904762,7.7,6.6,0,0,1,0,1,0,0,1,0,1,0,0,1,0,0,0,0,0,1,2,0,0.01825361
17.75,1,0.8875,18.6375,17.75,4.761904762,0.8875,8.6,0,1,0,1,0,0,0,1,1,0,0,0,0,1,0,0,1,0,0,0,1,0.995576762
12.03,2,1.203,25.263,24.06,4.761904762,1.203,5.1,1,0,0,0,0,1,0,1,1,0,0,0,0,0,1,0,1,0,0,6,0,0.003065932
60.87,2,6.087,127.827,121.74,4.761904762,6.087,8.7,1,0,0,0,0,1,0,1,0,1,0,0,0,0,0,1,0,0,1,5,1,0.991258662
28.5,8,11.4,239.4,228,4.761904762,11.4,6.6,0,0,1,0,1,0,1,0,1,0,0,0,0,1,0,0,1,0,0,2,0,0.021897028
81.51,1,4.0755,85.5855,81.51,4.761904762,4.0755,9.2,0,0,1,0,1,0,1,0,1,0,0,0,0,1,0,0,0,0,1,1,1,1.003116808
51.94,10,25.97,545.37,519.4,4.761904762,25.97,6.5,1,0,0,0,0,1,1,0,0,1,0,0,0,1,0,0,0,0,1,5,0,0.018626194
51.91,10,25.955,545.055,519.1,4.761904762,25.955,8.2,0,1,0,1,0,0,0,1,0,1,0,0,0,0,0,1,1,0,0,5,1,0.985555693
60.96,2,6.096,128.016,121.92,4.761904762,6.096,4.9,0,1,0,1,0,0,0,1,1,0,0,1,0,0,0,0,0,1,0,4,0,-4.95E-05
78.31,10,39.155,822.255,783.1,4.761904762,39.155,6.6,0,0,1,0,1,0,1,0,1,0,0,0,1,0,0,0,0,0,1,1,0,0.021940916
74.1,1,3.705,77.805,74.1,4.761904762,3.705,9.2,1,0,0,0,0,1,0,1,0,1,0,1,0,0,0,0,1,0,0,4,1,0.999704621
73.05,4,14.61,306.81,292.2,4.761904762,14.61,4.9,1,0,0,0,0,1,0,1,1,0,0,1,0,0,0,0,0,1,0,0,0,0.001487324
38.3,4,7.66,160.86,153.2,4.761904762,7.66,5.7,0,1,0,1,0,0,1,0,1,0,0,1,0,0,0,0,1,0,0,2,0,0.008635793
54.45,1,2.7225,57.1725,54.45,4.761904762,2.7225,7.9,0,1,0,1,0,0,0,1,0,1,0,0,0,0,0,1,0,0,1,1,1,0.98115864
21.04,4,4.208,88.368,84.16,4.761904762,4.208,7.6,0,0,1,0,1,0,1,0,1,0,0,0,1,0,0,0,1,0,0,6,1,0.98281639
87.48,6,26.244,551.124,524.88,4.761904762,26.244,5.1,0,0,1,0,1,0,1,0,1,0,0,0,1,0,0,0,0,0,1,4,0,0.003343412
54.86,5,13.715,288.015,274.3,4.761904762,13.715,9.8,0,1,0,1,0,0,1,0,0,1,0,0,0,1,0,0,0,0,1,4,1,1.007429929
60.18,4,12.036,252.756,240.72,4.761904762,12.036,9.4,0,1,0,1,0,0,1,0,0,1,0,1,0,0,0,0,0,1,0,5,1,1.00221469
28.32,5,7.08,148.68,141.6,4.761904762,7.08,6.2,1,0,0,0,0,1,0,1,1,0,0,0,0,0,1,0,0,0,1,0,0,0.016283538
48.63,10,24.315,510.615,486.3,4.761904762,24.315,8.8,1,0,0,0,0,1,1,0,0,1,0,0,0,1,0,0,1,0,0,0,1,0.997458218
92.98,2,9.298,195.258,185.96,4.761904762,9.298,8,0,0,1,0,1,0,1,0,1,0,0,1,0,0,0,0,0,1,0,2,1,0.988620111
63.15,6,18.945,397.845,378.9,4.761904762,18.945,9.8,0,1,0,1,0,0,0,1,1,0,0,0,0,0,1,0,0,0,1,3,1,1.009262785
51.47,1,2.5735,54.0435,51.47,4.761904762,2.5735,8.5,0,0,1,0,1,0,1,0,1,0,0,1,0,0,0,0,0,0,1,0,1,0.993014284
11.28,9,5.076,106.596,101.52,4.761904762,5.076,4.3,0,1,0,1,0,0,0,1,1,0,0,0,0,0,1,0,0,1,0,6,0,-0.006792965
69.12,6,20.736,435.456,414.72,4.761904762,20.736,5.6,0,1,0,1,0,0,1,0,1,0,0,0,0,0,0,1,1,0,0,4,0,0.005992318
73.95,4,14.79,310.59,295.8,4.761904762,14.79,6.1,0,0,1,0,1,0,0,1,1,0,0,0,0,0,0,1,1,0,0,6,0,0.01256132
94.88,7,33.208,697.368,664.16,4.761904762,33.208,4.2,1,0,0,0,0,1,1,0,1,0,0,0,0,0,1,0,1,0,0,6,0,-0.006187078
12.76,2,1.276,26.796,25.52,4.761904762,1.276,7.8,1,0,0,0,0,1,1,0,0,1,0,0,0,0,0,1,0,0,1,1,1,0.980514539
99.6,3,14.94,313.74,298.8,4.761904762,14.94,5.8,1,0,0,0,0,1,1,0,1,0,0,0,1,0,0,0,1,0,0,0,0,0.01207863
97.37,10,48.685,1022.385,973.7,4.761904762,48.685,4.9,0,1,0,1,0,0,0,1,1,0,0,0,0,0,1,0,0,1,0,1,0,0.003445614
73.26,1,3.663,76.923,73.26,4.761904762,3.663,9.7,1,0,0,0,0,1,1,0,0,1,1,0,0,0,0,0,0,0,1,6,1,1.004627256
80.47,9,36.2115,760.4415,724.23,4.761904762,36.2115,9.2,0,1,0,1,0,0,1,0,0,1,0,0,0,1,0,0,1,0,0,6,1,1.001686628
34.73,2,3.473,72.933,69.46,4.761904762,3.473,9.7,1,0,0,0,0,1,0,1,0,1,0,0,0,0,1,0,0,0,1,4,1,1.006287382
90.65,10,45.325,951.825,906.5,4.761904762,45.325,7.3,1,0,0,0,0,1,1,0,1,0,0,0,0,0,1,0,0,0,1,4,1,0.981396045
25.84,3,3.876,81.396,77.52,4.761904762,3.876,6.6,1,0,0,0,0,1,0,1,0,1,0,0,0,0,0,1,0,0,1,6,0,0.015392192
62,8,24.8,520.8,496,4.761904762,24.8,6.2,0,1,0,1,0,0,1,0,0,1,0,0,0,1,0,0,0,1,0,3,0,0.015940663
43.06,5,10.765,226.065,215.3,4.761904762,10.765,7.7,1,0,0,0,0,1,0,1,1,0,0,0,0,0,0,1,0,0,1,0,1,0.981721666
97.5,10,48.75,1023.75,975,4.761904762,48.75,8,0,0,1,0,1,0,0,1,0,1,0,0,0,0,1,0,0,0,1,5,1,0.988134341
20.38,5,5.095,106.995,101.9,4.761904762,5.095,6,0,0,1,0,1,0,0,1,1,0,0,0,0,1,0,0,1,0,0,1,0,0.014794607
71.89,8,28.756,603.876,575.12,4.761904762,28.756,5.5,0,0,1,0,1,0,0,1,0,1,1,0,0,0,0,0,0,0,1,1,0,0.005628269
49.92,2,4.992,104.832,99.84,4.761904762,4.992,7,0,1,0,1,0,0,1,0,0,1,0,1,0,0,0,0,0,1,0,2,0,0.023111816
98.7,8,39.48,829.08,789.6,4.761904762,39.48,7.6,0,0,1,0,1,0,1,0,1,0,0,0,1,0,0,0,1,0,0,0,1,0.985214717
77.2,10,38.6,810.6,772,4.761904762,38.6,5.6,0,1,0,1,0,0,1,0,1,0,0,0,1,0,0,0,0,1,0,0,0,0.01059196
46.22,4,9.244,194.124,184.88,4.761904762,9.244,6.2,0,0,1,0,1,0,0,1,0,1,0,0,0,0,1,0,0,1,0,1,0,0.016023367
15.95,6,4.785,100.485,95.7,4.761904762,4.785,5.1,0,0,1,0,1,0,1,0,1,0,0,0,0,0,1,0,0,1,0,5,0,0.003901555
65.94,4,13.188,276.948,263.76,4.761904762,13.188,6.9,0,0,1,0,1,0,1,0,0,1,1,0,0,0,0,0,0,1,0,3,0,0.022846271
99.71,6,29.913,628.173,598.26,4.761904762,29.913,7.9,0,1,0,1,0,0,0,1,1,0,0,0,0,1,0,0,0,0,1,1,1,0.987965797
76.6,10,38.3,804.3,766,4.761904762,38.3,6,0,1,0,1,0,0,0,1,1,0,0,0,0,0,0,1,0,0,1,3,0,0.011123267
65.65,2,6.565,137.865,131.3,4.761904762,6.565,6,0,0,1,0,1,0,1,0,0,1,0,0,1,0,0,0,1,0,0,3,0,0.011942109
25.25,5,6.3125,132.5625,126.25,4.761904762,6.3125,6.1,0,0,1,0,1,0,1,0,0,1,0,0,0,0,0,1,1,0,0,2,0,0.010330856
48.51,7,16.9785,356.5485,339.57,4.761904762,16.9785,5.2,0,1,0,1,0,0,0,1,1,0,0,0,1,0,0,0,0,1,0,4,0,0.004459245
90.02,8,36.008,756.168,720.16,4.761904762,36.008,4.5,1,0,0,0,0,1,0,1,1,0,1,0,0,0,0,0,0,1,0,3,0,-0.002800275
34.37,10,17.185,360.885,343.7,4.761904762,17.185,6.7,0,1,0,1,0,0,0,1,0,1,0,0,0,0,0,1,0,0,1,5,0,0.016069642
88.43,8,35.372,742.812,707.44,4.761904762,35.372,4.3,0,1,0,1,0,0,1,0,1,0,0,0,0,0,0,1,0,1,0,4,0,-0.007899245
98.48,2,9.848,206.808,196.96,4.761904762,9.848,9.2,1,0,0,0,0,1,0,1,1,0,0,1,0,0,0,0,0,0,1,1,1,1.001627051
74.22,10,37.11,779.31,742.2,4.761904762,37.11,4.3,1,0,0,0,0,1,1,0,1,0,1,0,0,0,0,0,0,1,0,1,0,-0.005192258
25.9,10,12.95,271.95,259,4.761904762,12.95,8.7,0,1,0,1,0,0,1,0,0,1,0,0,0,1,0,0,0,0,1,2,1,0.994012811
98.7,8,39.48,829.08,789.6,4.761904762,39.48,8.5,0,0,1,0,1,0,1,0,0,1,0,1,0,0,0,0,0,0,1,3,1,0.992517271
35.04,9,15.768,331.128,315.36,4.761904762,15.768,4.6,1,0,0,0,0,1,1,0,0,1,0,0,1,0,0,0,0,0,1,5,0,-0.005614592
97.94,1,4.897,102.837,97.94,4.761904762,4.897,6.9,1,0,0,0,0,1,0,1,0,1,0,0,0,0,1,0,0,0,1,3,0,0.022681286
65.91,6,19.773,415.233,395.46,4.761904762,19.773,5.7,0,1,0,1,0,0,1,0,0,1,0,0,0,0,1,0,1,0,0,5,0,0.008321169
37.32,9,16.794,352.674,335.88,4.761904762,16.794,5.1,0,1,0,1,0,0,1,0,0,1,0,0,0,0,0,1,0,0,1,2,0,-0.002738315
15.34,1,0.767,16.107,15.34,4.761904762,0.767,6.5,1,0,0,0,0,1,0,1,1,0,0,0,0,0,0,1,1,0,0,6,0,0.016625553
68.84,6,20.652,433.692,413.04,4.761904762,20.652,5.8,1,0,0,0,0,1,1,0,1,0,1,0,0,0,0,0,0,0,1,0,0,0.010694069
32.62,4,6.524,137.004,130.48,4.761904762,6.524,9,0,1,0,1,0,0,1,0,0,1,0,1,0,0,0,0,1,0,0,1,1,0.996604277
49.49,4,9.898,207.858,197.96,4.761904762,9.898,6.6,0,1,0,1,0,0,1,0,1,0,0,0,0,0,0,1,0,0,1,3,0,0.016956661
28.86,5,7.215,151.515,144.3,4.761904762,7.215,8,0,1,0,1,0,0,0,1,1,0,0,0,1,0,0,0,0,1,0,1,1,0.988189827
64.59,4,12.918,271.278,258.36,4.761904762,12.918,9.3,1,0,0,0,0,1,0,1,0,1,0,0,0,0,0,1,0,0,1,6,1,0.998563684
87.91,5,21.9775,461.5275,439.55,4.761904762,21.9775,4.4,0,0,1,0,1,0,1,0,0,1,1,0,0,0,0,0,0,0,1,3,0,-0.00789995
77.95,6,23.385,491.085,467.7,4.761904762,23.385,8,1,0,0,0,0,1,0,1,1,0,0,0,0,0,1,0,0,0,1,0,1,0.98918152
77.04,3,11.556,242.676,231.12,4.761904762,11.556,7.2,0,1,0,1,0,0,0,1,1,0,0,0,0,0,1,0,0,1,0,0,1,0.979779163
25.45,1,1.2725,26.7225,25.45,4.761904762,1.2725,5.1,0,1,0,1,0,0,0,1,1,0,1,0,0,0,0,0,0,1,0,6,0,0.001713873
71.63,2,7.163,150.423,143.26,4.761904762,7.163,8.8,1,0,0,0,0,1,1,0,1,0,0,0,0,0,0,1,0,0,1,1,1,0.994701579
95.46,8,38.184,801.864,763.68,4.761904762,38.184,4.7,0,1,0,1,0,0,0,1,1,0,0,0,0,0,1,0,0,0,1,1,0,-0.000825922
10.16,5,2.54,53.34,50.8,4.761904762,2.54,4.1,0,0,1,0,1,0,1,0,1,0,0,0,0,1,0,0,0,0,1,6,0,-0.009098183
67.77,1,3.3885,71.1585,67.77,4.761904762,3.3885,6.5,0,1,0,1,0,0,0,1,1,0,0,0,1,0,0,0,0,1,0,0,0,0.020011171
10.69,5,2.6725,56.1225,53.45,4.761904762,2.6725,7.6,1,0,0,0,0,1,1,0,1,0,0,0,0,1,0,0,0,0,1,1,1,0.983509446
46.61,2,4.661,97.881,93.22,4.761904762,4.661,6.6,1,0,0,0,0,1,0,1,1,0,1,0,0,0,0,0,0,1,0,1,0,0.020990452
65.82,1,3.291,69.111,65.82,4.761904762,3.291,4.1,1,0,0,0,0,1,0,1,0,1,0,0,0,0,1,0,1,0,0,4,0,-0.010336035
98.84,1,4.942,103.782,98.84,4.761904762,4.942,8.4,0,0,1,0,1,0,1,0,1,0,1,0,0,0,0,0,1,0,0,4,1,0.991935359
58.24,9,26.208,550.368,524.16,4.761904762,26.208,9.7,0,1,0,1,0,0,0,1,1,0,0,0,0,1,0,0,1,0,0,1,1,1.009461979
10.96,10,5.48,115.08,109.6,4.761904762,5.48,6,1,0,0,0,0,1,0,1,1,0,0,0,1,0,0,0,0,0,1,5,0,0.012318132
45.79,7,16.0265,336.5565,320.53,4.761904762,16.0265,7,1,0,0,0,0,1,0,1,0,1,0,0,1,0,0,0,0,1,0,2,0,0.024953378
18.08,4,3.616,75.936,72.32,4.761904762,3.616,9.5,0,1,0,1,0,0,1,0,1,0,0,1,0,0,0,0,0,1,0,0,1,1.005235687
46.41,1,2.3205,48.7305,46.41,4.761904762,2.3205,4,1,0,0,0,0,1,0,1,0,1,0,1,0,0,0,0,0,1,0,6,0,-0.012188627
14.87,2,1.487,31.227,29.74,4.761904762,1.487,8.9,0,0,1,0,1,0,1,0,1,0,0,0,1,0,0,0,0,1,0,2,1,0.999551594
97.79,7,34.2265,718.7565,684.53,4.761904762,34.2265,4.9,0,0,1,0,1,0,1,0,1,0,0,1,0,0,0,0,0,0,1,5,0,0.000572814
52.26,10,26.13,548.73,522.6,4.761904762,26.13,6.2,1,0,0,0,0,1,1,0,1,0,0,0,0,0,0,1,0,1,0,5,0,0.014710277
94.87,8,37.948,796.908,758.96,4.761904762,37.948,8.7,0,1,0,1,0,0,0,1,0,1,0,1,0,0,0,0,0,0,1,1,1,0.994168478
35.22,6,10.566,221.886,211.32,4.761904762,10.566,6.5,0,0,1,0,1,0,1,0,1,0,0,0,0,0,0,1,0,0,1,3,0,0.016531359
12.54,1,0.627,13.167,12.54,4.761904762,0.627,8.2,0,0,1,0,1,0,1,0,1,0,0,1,0,0,0,0,1,0,0,3,1,0.9895822
21.12,2,2.112,44.352,42.24,4.761904762,2.112,9.7,0,0,1,0,1,0,1,0,1,0,0,0,0,1,0,0,1,0,0,3,1,1.009217752
64.44,5,16.11,338.31,322.2,4.761904762,16.11,6.6,1,0,0,0,0,1,1,0,1,0,1,0,0,0,0,0,1,0,0,5,0,0.020118901
89.14,4,17.828,374.388,356.56,4.761904762,17.828,7.8,0,1,0,1,0,0,1,0,1,0,0,0,1,0,0,0,0,1,0,0,1,0.986571651
